image_name,cell_number,slide_alpha,cell_slide_replicate,count,notes,clone,week,,,,,,,,,,,,,,,,,,,,
01_21_22_1cell.a.1.tif,1,a,1,95,,1806_01,0,,,,,,,,,,,,,,,,,,,,
01_21_22_1cell.a.2.tif,1,a,2,88,,1806_01,0,,,,,,,,,,,,,,,,,,,,
01_21_22_1cell.a.3.tif,1,a,3,67,,1806_01,0,,,,,,,,,,,,,,,,,,,,
01_21_22_1cell.a.4.tif,1,a,4,86,,1806_01,0,,,,,,,,,,,,,,,,,,,,
01_21_22_1cell.a.5.tif,1,a,5,80,,1806_01,0,,,,,,,,,,,,,,,,,,,,
01_21_22_1cell.b.1.tif,1,b,1,80,nice spread,1806_01,0,,,,,,,,,,,,,,,,,,,,
01_21_22_1cell.b.2.tif,1,b,2,87,nice spread,1806_01,0,,,,,,,,,,,,,,,,,,,,
01_21_22_1cell.b.3.tif,1,b,3,85,nice spread,1806_01,0,,,,,,,,,,,,,,,,,,,,
01_21_22_1cell.c.1.tif,1,c,1,79,,1806_01,0,,,,,,,,,,,,,,,,,,,,
01_21_22_1cell.c.2.tif,1,c,2,75,,1806_01,0,,,,,,,,,,,,,,,,,,,,
01_21_22_1cell.c.3.tif,1,c,3,82,,1806_01,0,,,,,,,,,,,,,,,,,,,,
01_21_22_2cell.a.1.tif,2,a,1,109,,1806_02,0,,,,,,,,,,,,,,,,,,,,
01_21_22_2cell.a.2.tif,2,a,2,47,,1806_02,0,,,,,,,,,,,,,,,,,,,,
01_21_22_2cell.a.3.tif,2,a,3,116,,1806_02,0,,,,,,,,,,,,,,,,,,,,
01_21_22_2cell.b.1.tif,2,b,1,122,,1806_02,0,,,,,,,,,,,,,,,,,,,,
01_21_22_2cell.b.2.tif,2,b,2,45,,1806_02,0,,,,,,,,,,,,,,,,,,,,
01_21_22_2cell.b.3.tif,2,b,3,87,,1806_02,0,,,,,,,,,,,,,,,,,,,,
01_21_22_2cell.c.1.tif,2,c,1,68,ecDNA? small chromosomal fragments,1806_02,0,,,,,,,,,,,,,,,,,,,,
01_21_22_2cell.c.2.tif,2,c,2,78,ecDNA? small chromosomal fragments,1806_02,0,,,,,,,,,,,,,,,,,,,,
01_21_22_2cell.c.3.tif,2,c,3,117,,1806_02,0,,,,,,,,,,,,,,,,,,,,
01_21_22_4cell.a.1.tif,4,a,1,29,(or 37 if counting nearby chromosomes),1806_04,0,,,,,,,,,,,,,,,,,,,,
01_21_22_4cell.a.2.tif,4,a,2,58,nice spread,1806_04,0,,,,,,,,,,,,,,,,,,,,
01_21_22_4cell.a.3.tif,4,a,3,46,nice spread,1806_04,0,,,,,,,,,,,,,,,,,,,,
01_21_22_4cell.b.1.tif,4,b,1,49,,1806_04,0,,,,,,,,,,,,,,,,,,,,
01_21_22_4cell.b.2.tif,4,b,2,50,nice spread,1806_04,0,,,,,,,,,,,,,,,,,,,,
01_21_22_4cell.b.3.tif,4,b,3,49,nice spread,1806_04,0,,,,,,,,,,,,,,,,,,,,
01_21_22_4cell.c.1.tif,4,c,1,53,really nice spread,1806_04,0,,,,,,,,,,,,,,,,,,,,
01_21_22_4cell.c.2.tif,4,c,2,23,nice spread,1806_04,0,,,,,,,,,,,,,,,,,,,,
01_21_22_4cell.c.3.tif,4,c,3,51,(other spreads nearby?),1806_04,0,,,,,,,,,,,,,,,,,,,,
01_21_22_7cell.a.1.tif,7,a,1,52,,1806_07,0,,,,,,,,,,,,,,,,,,,,
01_21_22_7cell.a.2.tif,7,a,2,48,"(may have overcounted, other spreads nearby)",1806_07,0,,,,,,,,,,,,,,,,,,,,
01_21_22_7cell.b.1.tif,7,b,1,34,"(may have undercounted, other spreads nearby)",1806_07,0,,,,,,,,,,,,,,,,,,,,
01_21_22_7cell.b.2.tif,7,b,2,15,"(may have undercounted, other spreads nearby)",1806_07,0,,,,,,,,,,,,,,,,,,,,
01_21_22_7cell.b.3.tif,7,b,3,27,"(may have undercounted, other spreads nearby)",1806_07,0,,,,,,,,,,,,,,,,,,,,
01_21_22_7cell.c.1.tif,7,c,1,36,,1806_07,0,,,,,,,,,,,,,,,,,,,,
01_21_22_7cell.c.2.tif,7,c,2,35,,1806_07,0,,,,,,,,,,,,,,,,,,,,
01_21_22_8cell.b.1.tif,8,b,1,47,,1806_08,0,,,,,,,,,,,,,,,,,,,,
01_21_22_8cell.b.2.tif,8,b,2,48,,1806_08,0,,,,,,,,,,,,,,,,,,,,
01_21_22_8cell.b.3.tif,8,b,3,44,,1806_08,0,,,,,,,,,,,,,,,,,,,,
01_21_22_8cell.b.4.tif,8,b,4,23,,1806_08,0,,,,,,,,,,,,,,,,,,,,
01_21_22_8cell.c.1.tif,8,c,1,46,nice spread,1806_08,0,,,,,,,,,,,,,,,,,,,,
01_21_22_8cell.c.2.tif,8,c,2,52,,1806_08,0,,,,,,,,,,,,,,,,,,,,
01_21_22_8cell.c.3.tif,8,c,3,50,,1806_08,0,,,,,,,,,,,,,,,,,,,,
01_21_22_10cell.a.1.tif,10,a,1,39,"(may have overcounted, other spreads nearby)",1806_10,0,,,,,,,,,,,,,,,,,,,,
01_21_22_10cell.a.2.tif,10,a,2,36,"(may have overcounted, other spreads nearby)",1806_10,0,,,,,,,,,,,,,,,,,,,,
01_21_22_10cell.a.3.tif,10,a,3,47,,1806_10,0,,,,,,,,,,,,,,,,,,,,
01_21_22_10cell.b.1.tif,10,b,1,76,nice spread,1806_10,0,,,,,,,,,,,,,,,,,,,,
01_21_22_10cell.b.2.tif,10,b,2,88,nice spread,1806_10,0,,,,,,,,,,,,,,,,,,,,
01_21_22_10cell.b.3.tif,10,b,3,49,,1806_10,0,,,,,,,,,,,,,,,,,,,,
01_21_22_10cell.c.1.tif,10,c,1,35,,1806_10,0,,,,,,,,,,,,,,,,,,,,
01_21_22_10cell.c.2.tif,10,c,2,94,,1806_10,0,,,,,,,,,,,,,,,,,,,,
01_21_22_10cell.c.3.tif,10,c,3,42,"(may have overcounted, other spreads nearby)",1806_10,0,,,,,,,,,,,,,,,,,,,,
02_2_22_13cell.a.1.tif,13,a,1,47,3 ecDNA,1806_13,0,,,,,,,,,,,,,,,,,,,,
02_2_22_13cell.a.2.tif,13,a,2,42,,1806_13,0,,,,,,,,,,,,,,,,,,,,
02_2_22_13cell.a.3.tif,13,a,3,46,,1806_13,0,,,,,,,,,,,,,,,,,,,,
02_2_22_13cell.b.1.tif,13,b,1,47,2 ecDNA,1806_13,0,,,,,,,,,,,,,,,,,,,,
02_2_22_13cell.b.2.tif,13,b,2,45,,1806_13,0,,,,,,,,,,,,,,,,,,,,
02_2_22_13cell.b.3.tif,13,b,3,46,,1806_13,0,,,,,,,,,,,,,,,,,,,,
02_2_22_13cell.c.1.tif,13,c,1,46,2 ecDNA,1806_13,0,,,,,,,,,,,,,,,,,,,,
02_2_22_13cell.c.2.tif,13,c,2,46,2 ecDNA,1806_13,0,,,,,,,,,,,,,,,,,,,,
02_2_22_13cell.c.3.tif,13,c,3,82,might be 86,1806_13,0,,,,,,,,,,,,,,,,,,,,
02_2_22_13cell.c.4.tif,13,c,4,47,,1806_13,0,,,,,,,,,,,,,,,,,,,,
02_2_22_14cell.a.1.tif,14,a,1,58,,1806_14,0,,,,,,,,,,,,,,,,,,,,
02_2_22_14cell.a.2.tif,14,a,2,91,3 ecDNA,1806_14,0,,,,,,,,,,,,,,,,,,,,
02_2_22_14cell.a.3.tif,14,a,3,82,,1806_14,0,,,,,,,,,,,,,,,,,,,,
02_2_22_14cell.b.1.tif,14,b,1,75,or +9 = 84 if counting side chromosomes,1806_14,0,,,,,,,,,,,,,,,,,,,,
02_2_22_14cell.b.2.tif,14,b,2,89,really nice spread,1806_14,0,,,,,,,,,,,,,,,,,,,,
02_2_22_14cell.b.3.tif,14,b,3,77,,1806_14,0,,,,,,,,,,,,,,,,,,,,
02_2_22_14cell.c.1.tif,14,c,1,87,,1806_14,0,,,,,,,,,,,,,,,,,,,,
02_2_22_14cell.c.2.tif,14,c,2,90,5 ecDNA,1806_14,0,,,,,,,,,,,,,,,,,,,,
02_2_22_14cell.c.3.tif,14,c,3,93,,1806_14,0,,,,,,,,,,,,,,,,,,,,
02_2_22_15cell.a.1.tif,15,a,1,298,soooo many,1806_15,0,,,,,,,,,,,,,,,,,,,,
02_2_22_15cell.a.2.tif,15,a,2,92,,1806_15,0,,,,,,,,,,,,,,,,,,,,
02_2_22_15cell.a.3.tif,15,a,3,89,,1806_15,0,,,,,,,,,,,,,,,,,,,,
02_2_22_15cell.b.1.tif,15,b,1,88,or +6=94 is counting side chromosomes,1806_15,0,,,,,,,,,,,,,,,,,,,,
02_2_22_15cell.b.2.tif,15,b,2,53,,1806_15,0,,,,,,,,,,,,,,,,,,,,
02_2_22_15cell.b.3.tif,15,b,3,92,5 ecDNA,1806_15,0,,,,,,,,,,,,,,,,,,,,
02_2_22_15cell.c.1.tif,15,c,1,84,or +6=90 if counting side chromosomes,1806_15,0,,,,,,,,,,,,,,,,,,,,
02_2_22_15cell.c.2.tif,15,c,2,82,,1806_15,0,,,,,,,,,,,,,,,,,,,,
02_2_22_15cell.c.3.tif,15,c,3,52,,1806_15,0,,,,,,,,,,,,,,,,,,,,
02_2_22_16cell.a.1.tif,16,a,1,87,,1806_16,0,,,,,,,,,,,,,,,,,,,,
02_2_22_16cell.a.2.tif,16,a,2,83,,1806_16,0,,,,,,,,,,,,,,,,,,,,
02_2_22_16cell.a.3.tif,16,a,3,68,,1806_16,0,,,,,,,,,,,,,,,,,,,,
02_2_22_16cell.b.1.tif,16,b,1,,,1806_16,0,,,,,,,,,,,,,,,,,,,,
02_2_22_16cell.b.2.tif,16,b,2,,,1806_16,0,,,,,,,,,,,,,,,,,,,,
02_2_22_16cell.b.3.tif,16,b,3,89,,1806_16,0,,,,,,,,,,,,,,,,,,,,
02_2_22_16cell.c.1.tif,16,c,1,95,,1806_16,0,,,,,,,,,,,,,,,,,,,,
02_2_22_16cell.c.2.tif,16,c,2,90,,1806_16,0,,,,,,,,,,,,,,,,,,,,
02_2_22_16cell.c.3.tif,16,c,3,,,1806_16,0,,,,,,,,,,,,,,,,,,,,
02_2_22_17cell.a.1.tif,17,a,1,90,,1806_17,0,,,,,,,,,,,,,,,,,,,,
02_2_22_17cell.a.2.tif,17,a,2,86,,1806_17,0,,,,,,,,,,,,,,,,,,,,
02_2_22_17cell.a.3.tif,17,a,3,95,,1806_17,0,,,,,,,,,,,,,,,,,,,,
02_2_22_17cell.b.1.tif,17,b,1,89,,1806_17,0,,,,,,,,,,,,,,,,,,,,
02_2_22_17cell.b.2.tif,17,b,2,81,,1806_17,0,,,,,,,,,,,,,,,,,,,,
02_2_22_17cell.b.3.tif,17,b,3,,,1806_17,0,,,,,,,,,,,,,,,,,,,,
02_2_22_17cell.c.1.tif,17,c,1,43,,1806_17,0,,,,,,,,,,,,,,,,,,,,
02_2_22_17cell.c.2.tif,17,c,2,,,1806_17,0,,,,,,,,,,,,,,,,,,,,
02_2_22_18cell.a.1.tif,18,a,1,20,,1806_18,0,,,,,,,,,,,,,,,,,,,,
02_2_22_18cell.a.2.tif,18,a,2,,,1806_18,0,,,,,,,,,,,,,,,,,,,,
02_2_22_18cell.a.3.tif,18,a,3,18,,1806_18,0,,,,,,,,,,,,,,,,,,,,
02_2_22_18cell.a.4.tif,18,a,4,58,,1806_18,0,,,,,,,,,,,,,,,,,,,,
02_2_22_18cell.b.1.tif,18,b,1,,,1806_18,0,,,,,,,,,,,,,,,,,,,,
02_2_22_18cell.b.2.tif,18,b,2,,,1806_18,0,,,,,,,,,,,,,,,,,,,,
02_2_22_18cell.b.3.tif,18,b,3,15,,1806_18,0,,,,,,,,,,,,,,,,,,,,
02_2_22_18cell.b.4.tif,18,b,4,40,,1806_18,0,,,,,,,,,,,,,,,,,,,,
02_2_22_19cell.b.1.tif,19,b,1,,,1806_19,0,,,,,,,,,,,,,,,,,,,,
02_2_22_19cell.b.2.tif,19,b,2,46,,1806_19,0,,,,,,,,,,,,,,,,,,,,
02_2_22_19cell.b.3.tif,19,b,3,7,,1806_19,0,,,,,,,,,,,,,,,,,,,,
02_2_22_19cell.b.4.tif,19,b,4,19,"chromosomes nearby again that don't appear to be part of spread, didn't count",1806_19,0,,,,,,,,,,,,,,,,,,,,
02_2_22_19cell.c.1.tif,19,c,1,25,,1806_19,0,,,,,,,,,,,,,,,,,,,,
02_2_22_19cell.c.2.tif,19,c,2,,,1806_19,0,,,,,,,,,,,,,,,,,,,,
02_2_22_19cell.c.3.tif,19,c,3,39,,1806_19,0,,,,,,,,,,,,,,,,,,,,
02_2_22_19cell.c.4.tif,19,c,4,37,,1806_19,0,,,,,,,,,,,,,,,,,,,,
02_8_22_25cell.b.1.tif,25,b,1,29,,1806_25,0,,,,,,,,,,,,,,,,,,,,
02_8_22_25cell.b.2.tif,25,b,2,64,,1806_25,0,,,,,,,,,,,,,,,,,,,,
02_8_22_25cell.b.3.tif,25,b,3,41,,1806_25,0,,,,,,,,,,,,,,,,,,,,
02_8_22_25cell.b.4.tif,25,b,4,44,"some nearby chromosomes, unclear if part of spread",1806_25,0,,,,,,,,,,,,,,,,,,,,
02_8_22_25cell.c.1.tif,25,c,1,37,,1806_25,0,,,,,,,,,,,,,,,,,,,,
02_8_22_25cell.c.2.tif,25,c,2,19,,1806_25,0,,,,,,,,,,,,,,,,,,,,
02_8_22_25cell.c.3.tif,25,c,3,19,,1806_25,0,,,,,,,,,,,,,,,,,,,,
02_8_22_25cell.c.4.tif,25,c,4,,,1806_25,0,,,,,,,,,,,,,,,,,,,,
02_8_22_26cell.a.1.tif,26,a,1,12,,1806_26,0,,,,,,,,,,,,,,,,,,,,
02_8_22_26cell.a.2.tif,26,a,2,42,,1806_26,0,,,,,,,,,,,,,,,,,,,,
02_8_22_26cell.a.3.tif,26,a,3,,,1806_26,0,,,,,,,,,,,,,,,,,,,,
02_8_22_26cell.b.1.tif,26,b,1,7,,1806_26,0,,,,,,,,,,,,,,,,,,,,
02_8_22_26cell.c.1.tif,26,c,1,49,,1806_26,0,,,,,,,,,,,,,,,,,,,,
02_8_22_26cell.c.2.tif,26,c,2,48,,1806_26,0,,,,,,,,,,,,,,,,,,,,
02_8_22_26cell.c.3.tif,26,c,3,45,,1806_26,0,,,,,,,,,,,,,,,,,,,,
02_8_22_26cell.c.4.tif,26,c,4,,,1806_26,0,,,,,,,,,,,,,,,,,,,,
02_8_22_26cell.c.5.tif,26,c,5,23,,1806_26,0,,,,,,,,,,,,,,,,,,,,
02_8_22_26cell.c.6.tif,26,c,6,49,,1806_26,0,,,,,,,,,,,,,,,,,,,,
02_8_22_27cell.a.1.tif,27,a,1,74,,1806_27,0,,,,,,,,,,,,,,,,,,,,
02_8_22_27cell.a.2.tif,27,a,2,94,,1806_27,0,,,,,,,,,,,,,,,,,,,,
02_8_22_27cell.a.3.tif,27,a,3,20,,1806_27,0,,,,,,,,,,,,,,,,,,,,
02_8_22_27cell.a.4.tif,27,a,4,24,,1806_27,0,,,,,,,,,,,,,,,,,,,,
02_8_22_27cell.b.1.tif,27,b,1,,,1806_27,0,,,,,,,,,,,,,,,,,,,,
02_8_22_27cell.c.1.tif,27,c,1,89,,1806_27,0,,,,,,,,,,,,,,,,,,,,
02_8_22_27cell.c.2.tif,27,c,2,86,,1806_27,0,,,,,,,,,,,,,,,,,,,,
02_8_22_27cell.c.3.tif,27,c,3,83,,1806_27,0,,,,,,,,,,,,,,,,,,,,
02_8_22_27cell.c.4.tif,27,c,4,86,,1806_27,0,,,,,,,,,,,,,,,,,,,,
02_8_22_28cell.a.1.tif,28,a,1,99,,1806_28,0,,,,,,,,,,,,,,,,,,,,
02_8_22_28cell.a.2.tif,28,a,2,79,,1806_28,0,,,,,,,,,,,,,,,,,,,,
02_8_22_28cell.a.3.tif,28,a,3,82,,1806_28,0,,,,,,,,,,,,,,,,,,,,
02_8_22_28cell.b.1.tif,28,b,1,40,,1806_28,0,,,,,,,,,,,,,,,,,,,,
02_8_22_28cell.b.2.tif,28,b,2,48,,1806_28,0,,,,,,,,,,,,,,,,,,,,
02_8_22_28cell.b.3.tif,28,b,3,,,1806_28,0,,,,,,,,,,,,,,,,,,,,
02_8_22_28cell.b.4.tif,28,b,4,90,,1806_28,0,,,,,,,,,,,,,,,,,,,,
02_8_22_28cell.c.1.tif,28,c,1,94,,1806_28,0,,,,,,,,,,,,,,,,,,,,
02_8_22_28cell.c.3.tif,28,c,3,89,,1806_28,0,,,,,,,,,,,,,,,,,,,,
02_8_22_29cell.a.1.tif,29,a,1,20,,1806_29,0,,,,,,,,,,,,,,,,,,,,
02_8_22_29cell.a.2.tif,29,a,2,49,,1806_29,0,,,,,,,,,,,,,,,,,,,,
02_8_22_29cell.a.3.tif,29,a,3,54,,1806_29,0,,,,,,,,,,,,,,,,,,,,
02_8_22_29cell.b.1.tif,29,b,1,19,,1806_29,0,,,,,,,,,,,,,,,,,,,,
02_8_22_29cell.b.2.tif,29,b,2,49,,1806_29,0,,,,,,,,,,,,,,,,,,,,
02_8_22_29cell.c.1.tif,29,c,1,,,1806_29,0,,,,,,,,,,,,,,,,,,,,
02_8_22_29cell.c.2.tif,29,c,2,44,,1806_29,0,,,,,,,,,,,,,,,,,,,,
02_8_22_29cell.c.3.tif,29,c,3,,,1806_29,0,,,,,,,,,,,,,,,,,,,,
02_8_22_29cell.c.4.tif,29,c,4,47,,1806_29,0,,,,,,,,,,,,,,,,,,,,
03_30_22_01cell_a.1.jpg,1,a,1,98,,1806_01,5,,,,,,,,,,,,,,,,,,,,
03_30_22_01cell_a.2.jpg,1,a,2,89,,1806_01,5,,,,,,,,,,,,,,,,,,,,
03_30_22_01cell_a.3,1,a,3,90,,1806_01,5,,,,,,,,,,,,,,,,,,,,
03_30_22_01cell_a.4,1,a,4,95,,1806_01,5,,,,,,,,,,,,,,,,,,,,
03_30_22_01cell_b.1,1,b,1,85,,1806_01,5,,,,,,,,,,,,,,,,,,,,
03_30_22_01cell_b.2,1,b,2,88,,1806_01,5,,,,,,,,,,,,,,,,,,,,
03_30_22_01cell_b.3,1,b,3,90,,1806_01,5,,,,,,,,,,,,,,,,,,,,
03_30_22_01cell_b.4,1,b,4,92,,1806_01,5,,,,,,,,,,,,,,,,,,,,
03_31_22_01cell_c.1,1,c,1,83,,1806_01,5,,,,,,,,,,,,,,,,,,,,
03_31_22_01cell_c.2,1,c,2,107,,1806_01,5,,,,,,,,,,,,,,,,,,,,
03_31_22_01cell_c.3,1,c,3,89,,1806_01,5,,,,,,,,,,,,,,,,,,,,
03_31_22_01cell_c.4,1,c,4,84,,1806_01,5,,,,,,,,,,,,,,,,,,,,
03_31_22_07cell_a.1,7,a,1,31,,1806_07,5,,,,,,,,,,,,,,,,,,,,
03_31_22_07cell_a.2,7,a,2,44,,1806_07,5,,,,,,,,,,,,,,,,,,,,
03_31_22_07cell_a.3,7,a,3,42,,1806_07,5,,,,,,,,,,,,,,,,,,,,
03_31_22_07cell_a.4,7,a,4,52,,1806_07,5,,,,,,,,,,,,,,,,,,,,
03_31_22_07cell_b.1,7,b,1,16,,1806_07,5,,,,,,,,,,,,,,,,,,,,
03_31_22_07cell_b.2,7,b,2,41,,1806_07,5,,,,,,,,,,,,,,,,,,,,
03_31_22_07cell_b.3,7,b,3,24,,1806_07,5,,,,,,,,,,,,,,,,,,,,
03_31_22_07cell_c.1,7,c,1,42,,1806_07,5,,,,,,,,,,,,,,,,,,,,
03_31_22_07cell_c.2,7,c,2,19,,1806_07,5,,,,,,,,,,,,,,,,,,,,
03_31_22_07cell_c.3,7,c,3,18,,1806_07,5,,,,,,,,,,,,,,,,,,,,
03_31_22_07cell_c.4,7,c,4,30,,1806_07,5,,,,,,,,,,,,,,,,,,,,
03_31_22_10cell_a.1,10,a,1,70,,1806_10,5,,,,,,,,,,,,,,,,,,,,
03_31_22_10cell_a.2,10,a,2,94,,1806_10,5,,,,,,,,,,,,,,,,,,,,
03_31_22_10cell_a.3,10,a,3,92,,1806_10,5,,,,,,,,,,,,,,,,,,,,
03_31_22_10cell_a.4,10,a,4,75,,1806_10,5,,,,,,,,,,,,,,,,,,,,
03_31_22_10cell_b.1,10,b,1,100,,1806_10,5,,,,,,,,,,,,,,,,,,,,
03_31_22_10cell_b.2,10,b,2,93,,1806_10,5,,,,,,,,,,,,,,,,,,,,
03_31_22_10cell_b.3,10,b,3,86,,1806_10,5,,,,,,,,,,,,,,,,,,,,
03_31_22_10cell_b.4,10,b,4,97,,1806_10,5,,,,,,,,,,,,,,,,,,,,
03_31_22_10cell_c.1,10,c,1,77,,1806_10,5,,,,,,,,,,,,,,,,,,,,
03_31_22_10cell_c.2,10,c,2,78,,1806_10,5,,,,,,,,,,,,,,,,,,,,
03_31_22_10cell_c.3,10,c,3,72,,1806_10,5,,,,,,,,,,,,,,,,,,,,
03_31_22_10cell_c.4,10,c,4,29,,1806_10,5,,,,,,,,,,,,,,,,,,,,
03_31_22_13cell_a.1,13,a,1,11,,1806_13,5,,,,,,,,,,,,,,,,,,,,
03_31_22_13cell_a.2,13,a,2,34,,1806_13,5,,,,,,,,,,,,,,,,,,,,
03_31_22_13cell_a.3,13,a,3,40,,1806_13,5,,,,,,,,,,,,,,,,,,,,
03_31_22_13cell_a.4,13,a,4,40,,1806_13,5,,,,,,,,,,,,,,,,,,,,
04_1_22_13cell_b.1,13,b,1,24,,1806_13,5,,,,,,,,,,,,,,,,,,,,
04_1_22_13cell_b.2,13,b,2,40,,1806_13,5,,,,,,,,,,,,,,,,,,,,
04_1_22_13cell_b.3,13,b,3,30,,1806_13,5,,,,,,,,,,,,,,,,,,,,
04_1_22_13cell_b.4,13,b,4,35,,1806_13,5,,,,,,,,,,,,,,,,,,,,
04_1_22_13cell_c.1,13,c,1,37,,1806_13,5,,,,,,,,,,,,,,,,,,,,
04_1_22_13cell_c.2,13,c,2,39,,1806_13,5,,,,,,,,,,,,,,,,,,,,
04_1_22_13cell_c.3,13,c,3,12,,1806_13,5,,,,,,,,,,,,,,,,,,,,
04_1_22_13cell_c.4,13,c,4,25,,1806_13,5,,,,,,,,,,,,,,,,,,,,
04_4_22_04cell_a.1,04,a,1,47,,1806_04,5,,,,,,,,,,,,,,,,,,,,
04_4_22_04cell_a.2,04,a,2,38,,1806_04,5,,,,,,,,,,,,,,,,,,,,
04_4_22_04cell_a.3,04,a,3,48,,1806_04,5,,,,,,,,,,,,,,,,,,,,
04_4_22_04cell_a.4,04,a,4,52,,1806_04,5,,,,,,,,,,,,,,,,,,,,
04_4_22_04cell_b.1,04,b,1,42,,1806_04,5,,,,,,,,,,,,,,,,,,,,
04_4_22_04cell_b.2,04,b,2,24,,1806_04,5,,,,,,,,,,,,,,,,,,,,
04_4_22_04cell_b.3,04,b,3,43,,1806_04,5,,,,,,,,,,,,,,,,,,,,
04_4_22_04cell_b.4,04,b,4,26,,1806_04,5,,,,,,,,,,,,,,,,,,,,
04_4_22_04cell_c.1,04,c,1,23,,1806_04,5,,,,,,,,,,,,,,,,,,,,
04_4_22_04cell_c.2,04,c,2,26,,1806_04,5,,,,,,,,,,,,,,,,,,,,
04_4_22_04cell_c.3,04,c,3,46,,1806_04,5,,,,,,,,,,,,,,,,,,,,
04_4_22_04cell_c.4,04,c,4,18,,1806_04,5,,,,,,,,,,,,,,,,,,,,
04_4_22_08cell_a.1,08,a,1,44,,1806_08,5,,,,,,,,,,,,,,,,,,,,
04_4_22_08cell_a.2,08,a,2,44,,1806_08,5,,,,,,,,,,,,,,,,,,,,
04_4_22_08cell_a.3,08,a,3,46,,1806_08,5,,,,,,,,,,,,,,,,,,,,
04_4_22_08cell_a.4,08,a,4,50,,1806_08,5,,,,,,,,,,,,,,,,,,,,
04_4_22_08cell_b.1,08,b,1,34,,1806_08,5,,,,,,,,,,,,,,,,,,,,
04_4_22_08cell_b.2,08,b,2,27,,1806_08,5,,,,,,,,,,,,,,,,,,,,
04_4_22_08cell_b.3,08,b,3,61,,1806_08,5,,,,,,,,,,,,,,,,,,,,
04_4_22_08cell_b.4,08,b,4,28,,1806_08,5,,,,,,,,,,,,,,,,,,,,
04_4_22_08cell_c.1,08,c,1,38,,1806_08,5,,,,,,,,,,,,,,,,,,,,
04_4_22_08cell_c.2,08,c,2,40,,1806_08,5,,,,,,,,,,,,,,,,,,,,
04_4_22_08cell_c.3,08,c,3,35,,1806_08,5,,,,,,,,,,,,,,,,,,,,
04_4_22_14cell_a.1,14,a,1,92,,1806_14,5,,,,,,,,,,,,,,,,,,,,
04_4_22_14cell_a.2,14,a,2,43,,1806_14,5,,,,,,,,,,,,,,,,,,,,
04_4_22_14cell_a.3,14,a,3,90,,1806_14,5,,,,,,,,,,,,,,,,,,,,
04_4_22_14cell_b.1,14,b,1,40,,1806_14,5,,,,,,,,,,,,,,,,,,,,
04_4_22_14cell_b.2,14,b,2,40,,1806_14,5,,,,,,,,,,,,,,,,,,,,
04_4_22_14cell_b.3,14,b,3,70,,1806_14,5,,,,,,,,,,,,,,,,,,,,
04_4_22_14cell_b.4,14,b,4,85,,1806_14,5,,,,,,,,,,,,,,,,,,,,
04_4_22_14cell_c.1,14,c,1,40,,1806_14,5,,,,,,,,,,,,,,,,,,,,
04_4_22_14cell_c.2,14,c,2,42,,1806_14,5,,,,,,,,,,,,,,,,,,,,
04_4_22_14cell_c.3,14,c,3,111,,1806_14,5,,,,,,,,,,,,,,,,,,,,
04_4_22_15cell_a.1,15,a,1,85,,1806_15,5,,,,,,,,,,,,,,,,,,,,
04_4_22_15cell_a.2,15,a,2,100,,1806_15,5,,,,,,,,,,,,,,,,,,,,
04_4_22_15cell_a.3,15,a,3,49,,1806_15,5,,,,,,,,,,,,,,,,,,,,
04_4_22_15cell_b.1,15,b,1,18,,1806_15,5,,,,,,,,,,,,,,,,,,,,
04_4_22_15cell_b.2,15,b,2,97,,1806_15,5,,,,,,,,,,,,,,,,,,,,
04_4_22_15cell_b.3,15,b,3,76,,1806_15,5,,,,,,,,,,,,,,,,,,,,
04_4_22_15cell_b.4,15,b,4,89,,1806_15,5,,,,,,,,,,,,,,,,,,,,
04_4_22_15cell_c.1,15,c,1,120,,1806_15,5,,,,,,,,,,,,,,,,,,,,
04_4_22_15cell_c.2,15,c,2,305,,1806_15,5,,,,,,,,,,,,,,,,,,,,
04_4_22_15cell_c.3,15,c,3,91,,1806_15,5,,,,,,,,,,,,,,,,,,,,
04_4_22_15cell_c.4,15,c,4,84,,1806_15,5,,,,,,,,,,,,,,,,,,,,
04_4_22_16cell_a.1,16,a,1,102,,1806_16,5,,,,,,,,,,,,,,,,,,,,
04_4_22_16cell_a.2,16,a,2,90,,1806_16,5,,,,,,,,,,,,,,,,,,,,
04_4_22_16cell_a.3,16,a,3,96,,1806_16,5,,,,,,,,,,,,,,,,,,,,
04_4_22_16cell_a.4,16,a,4,95,,1806_16,5,,,,,,,,,,,,,,,,,,,,
04_4_22_16cell_b.1,16,b,1,92,,1806_16,5,,,,,,,,,,,,,,,,,,,,
04_4_22_16cell_b.2,16,b,2,94,,1806_16,5,,,,,,,,,,,,,,,,,,,,
04_4_22_16cell_b.3,16,b,3,81,,1806_16,5,,,,,,,,,,,,,,,,,,,,
04_4_22_16cell_b.4,16,b,4,92,,1806_16,5,,,,,,,,,,,,,,,,,,,,
04_5_22_16cell_c.1,16,c,1,52,,1806_16,5,,,,,,,,,,,,,,,,,,,,
04_5_22_16cell_c.2,16,c,2,68,,1806_16,5,,,,,,,,,,,,,,,,,,,,
04_5_22_16cell_c.3,16,c,3,68,,1806_16,5,,,,,,,,,,,,,,,,,,,,
04_5_22_16cell_c.4,16,c,4,73,,1806_16,5,,,,,,,,,,,,,,,,,,,,
04_5_22_17cell_a.1,17,a,1,91,,1806_17,5,,,,,,,,,,,,,,,,,,,,
04_5_22_17cell_a.2,17,a,2,83,,1806_17,5,,,,,,,,,,,,,,,,,,,,
04_5_22_17cell_a.3,17,a,3,87,,1806_17,5,,,,,,,,,,,,,,,,,,,,
04_5_22_17cell_a.4,17,a,4,82,,1806_17,5,,,,,,,,,,,,,,,,,,,,
04_5_22_17cell_b.1,17,b,1,81,,1806_17,5,,,,,,,,,,,,,,,,,,,,
04_5_22_17cell_b.2,17,b,2,70,,1806_17,5,,,,,,,,,,,,,,,,,,,,
04_5_22_17cell_b.3,17,b,3,73,,1806_17,5,,,,,,,,,,,,,,,,,,,,
04_12_22_17cell_c.1,17,c,1,152,,1806_17,5,,,,,,,,,,,,,,,,,,,,
04_12_22_17cell_c.2,17,c,2,108,,1806_17,5,,,,,,,,,,,,,,,,,,,,
04_12_22_17cell_c.3,17,c,3,76,,1806_17,5,,,,,,,,,,,,,,,,,,,,
04_12_22_17cell_c.4,17,c,4,78,,1806_17,5,,,,,,,,,,,,,,,,,,,,
04_12_22_18cell_a.1,18,a,1,42,,1806_18,5,,,,,,,,,,,,,,,,,,,,
04_12_22_18cell_a.2,18,a,2,47,,1806_18,5,,,,,,,,,,,,,,,,,,,,
04_12_22_18cell_a.3,18,a,3,49,,1806_18,5,,,,,,,,,,,,,,,,,,,,
04_12_22_18cell_a.4,18,a,4,42,,1806_18,5,,,,,,,,,,,,,,,,,,,,
04_12_22_18cell_b.1,18,b,1,47,,1806_18,5,,,,,,,,,,,,,,,,,,,,
04_12_22_18cell_b.2,18,b,2,25,,1806_18,5,,,,,,,,,,,,,,,,,,,,
04_12_22_18cell_b.3,18,b,3,42,,1806_18,5,,,,,,,,,,,,,,,,,,,,
04_12_22_18cell_b.4,18,b,4,31,,1806_18,5,,,,,,,,,,,,,,,,,,,,
04_12_22_18cell_c.1,18,c,1,48,,1806_18,5,,,,,,,,,,,,,,,,,,,,
04_12_22_18cell_c.2,18,c,2,43,,1806_18,5,,,,,,,,,,,,,,,,,,,,
04_12_22_18cell_c.3,18,c,3,44,,1806_18,5,,,,,,,,,,,,,,,,,,,,
04_12_22_18cell_c.4,18,c,4,47,,1806_18,5,,,,,,,,,,,,,,,,,,,,
04_12_22_19cell_a.1,19,a,1,50,,1806_19,5,,,,,,,,,,,,,,,,,,,,
04_12_22_19cell_a.2,19,a,2,48,,1806_19,5,,,,,,,,,,,,,,,,,,,,
04_12_22_19cell_a.3,19,a,3,45,,1806_19,5,,,,,,,,,,,,,,,,,,,,
04_12_22_19cell_a.4,19,a,4,37,,1806_19,5,,,,,,,,,,,,,,,,,,,,
04_12_22_19cell_b.1,19,b,1,56,,1806_19,5,,,,,,,,,,,,,,,,,,,,
04_12_22_19cell_b.2,19,b,2,46,,1806_19,5,,,,,,,,,,,,,,,,,,,,
04_12_22_19cell_b.3,19,b,3,44,,1806_19,5,,,,,,,,,,,,,,,,,,,,
04_12_22_19cell_b.4,19,b,4,37,,1806_19,5,,,,,,,,,,,,,,,,,,,,
04_12_22_19cell_c.1,19,c,1,49,,1806_19,5,,,,,,,,,,,,,,,,,,,,
04_12_22_19cell_c.2,19,c,2,41,,1806_19,5,,,,,,,,,,,,,,,,,,,,
04_12_22_19cell_c.3,19,c,3,50,,1806_19,5,,,,,,,,,,,,,,,,,,,,
04_12_22_19cell_c.4,19,c,4,44,,1806_19,5,,,,,,,,,,,,,,,,,,,,
04_12_22_26cell_a.1,26,a,1,25,,1806_26,5,,,,,,,,,,,,,,,,,,,,
04_12_22_26cell_a.2,26,a,2,31,,1806_26,5,,,,,,,,,,,,,,,,,,,,
04_12_22_26cell_a.3,26,a,3,16,,1806_26,5,,,,,,,,,,,,,,,,,,,,
04_12_22_26cell_a.4,26,a,4,48,,1806_26,5,,,,,,,,,,,,,,,,,,,,
04_19_22_26cell_b.1,26,b,1,42,,1806_26,5,,,,,,,,,,,,,,,,,,,,
04_19_22_26cell_b.2,26,b,2,20,,1806_26,5,,,,,,,,,,,,,,,,,,,,
04_19_22_26cell_b.3,26,b,3,19,,1806_26,5,,,,,,,,,,,,,,,,,,,,
04_19_22_26cell_b.4,26,b,4,18,,1806_26,5,,,,,,,,,,,,,,,,,,,,
04_19_22_26cell_c.1,26,c,1,39,,1806_26,5,,,,,,,,,,,,,,,,,,,,
04_19_22_26cell_c.2,26,c,2,43,,1806_26,5,,,,,,,,,,,,,,,,,,,,
04_19_22_26cell_c.3,26,c,3,40,,1806_26,5,,,,,,,,,,,,,,,,,,,,
04_19_22_26cell_c.4,26,c,4,42,,1806_26,5,,,,,,,,,,,,,,,,,,,,
04_19_22_25cell_a.1,25,a,1,51,,1806_25,5,,,,,,,,,,,,,,,,,,,,
04_19_22_25cell_a.2,25,a,2,38,,1806_25,5,,,,,,,,,,,,,,,,,,,,
04_19_22_25cell_a.3,25,a,3,48,,1806_25,5,,,,,,,,,,,,,,,,,,,,
04_19_22_25cell_a.4,25,a,4,98,,1806_25,5,,,,,,,,,,,,,,,,,,,,
04_19_22_25cell_b.1,25,b,1,77,,1806_25,5,,,,,,,,,,,,,,,,,,,,
04_19_22_25cell_b.2,25,b,2,76,,1806_25,5,,,,,,,,,,,,,,,,,,,,
04_19_22_25cell_b.3,25,b,3,46,,1806_25,5,,,,,,,,,,,,,,,,,,,,
04_19_22_25cell_b.4,25,b,4,20,,1806_25,5,,,,,,,,,,,,,,,,,,,,
04_19_22_25cell_c.1,25,c,1,73,,1806_25,5,,,,,,,,,,,,,,,,,,,,
04_19_22_25cell_c.2,25,c,2,49,,1806_25,5,,,,,,,,,,,,,,,,,,,,
04_19_22_25cell_c.3,25,c,3,45,,1806_25,5,,,,,,,,,,,,,,,,,,,,
04_19_22_25cell_c.4,25,c,4,38,,1806_25,5,,,,,,,,,,,,,,,,,,,,
04_19_22_27cell_a.1,27,a,1,85,,1806_27,5,,,,,,,,,,,,,,,,,,,,
04_19_22_27cell_a.3,27,a,3,83,,1806_27,5,,,,,,,,,,,,,,,,,,,,
04_19_22_27cell_a.4,27,a,4,85,,1806_27,5,,,,,,,,,,,,,,,,,,,,
04_26_22_27cell_b.2,27,b,2,68,,1806_27,5,,,,,,,,,,,,,,,,,,,,
04_26_22_27cell_b.4,27,b,4,80,,1806_27,5,,,,,,,,,,,,,,,,,,,,
04_26_22_27cell_c.1,27,c,1,66,,1806_27,5,,,,,,,,,,,,,,,,,,,,
04_26_22_27cell_c.2,27,c,2,69,,1806_27,5,,,,,,,,,,,,,,,,,,,,
04_26_22_27cell_c.3,27,c,3,76,,1806_27,5,,,,,,,,,,,,,,,,,,,,
04_26_22_27cell_c.4,27,c,4,74,,1806_27,5,,,,,,,,,,,,,,,,,,,,
04_01_22_02cell_a.1,2,a,1,36,,1806_02,5,,,,,,,,,,,,,,,,,,,,
04_1_22_02cell_a.2,2,a,2,107,,1806_02,5,,,,,,,,,,,,,,,,,,,,
04_1_22_02cell_a.3,2,a,3,110,,1806_02,5,,,,,,,,,,,,,,,,,,,,
04_1_22_02cell_b.1,2,b,1,128,,1806_02,5,,,,,,,,,,,,,,,,,,,,
04_1_22_02cell_b.2,2,b,2,90,,1806_02,5,,,,,,,,,,,,,,,,,,,,
04_1_22_02cell_b.3,2,b,3,108,,1806_02,5,,,,,,,,,,,,,,,,,,,,
04_1_22_02cell_b.4,2,b,4,133,,1806_02,5,,,,,,,,,,,,,,,,,,,,
04_1_22_02cell_c.1,2,c,1,43,,1806_02,5,,,,,,,,,,,,,,,,,,,,
04_1_22_02cell_c.4,2,c,4,72,,1806_02,5,,,,,,,,,,,,,,,,,,,,
04_26_22_28cell_a.1.jpg,28,a,1,70,,1806_28,5,,,,,,,,,,,,,,,,,,,,
04_26_22_28cell_a.2.jpg,28,a,2,68,,1806_28,5,,,,,,,,,,,,,,,,,,,,
04_26_22_28cell_a.3.jpg,28,a,3,89,,1806_28,5,,,,,,,,,,,,,,,,,,,,
04_26_22_28cell_a.4.jpg,28,a,4,67,,1806_28,5,,,,,,,,,,,,,,,,,,,,
04_26_22_28cell_b.1.jpg,28,b,1,51,,1806_28,5,,,,,,,,,,,,,,,,,,,,
04_26_22_28cell_b.2.jpg,28,b,2,65,,1806_28,5,,,,,,,,,,,,,,,,,,,,
04_26_22_28cell_b.3.jpg,28,b,3,41,,1806_28,5,,,,,,,,,,,,,,,,,,,,
04_26_22_28cell_b.4.jpg,28,b,4,36,,1806_28,5,,,,,,,,,,,,,,,,,,,,
04_26_22_28cell_c.1.jpg,28,c,1,43,,1806_28,5,,,,,,,,,,,,,,,,,,,,
04_26_22_28cell_c.2.jpg,28,c,2,90,,1806_28,5,,,,,,,,,,,,,,,,,,,,
04_26_22_28cell_c.3.jpg,28,c,3,75,,1806_28,5,,,,,,,,,,,,,,,,,,,,
04_26_22_28cell_c.4.jpg,28,c,4,29,,1806_28,5,,,,,,,,,,,,,,,,,,,,
04_26_22_29cell_a.1.jpg,29,a,1,19,,1806_29,5,,,,,,,,,,,,,,,,,,,,
04_26_22_29cell_a.2.jpg,29,a,2,19,,1806_29,5,,,,,,,,,,,,,,,,,,,,
04_26_22_29cell_a.3.jpg,29,a,3,20,,1806_29,5,,,,,,,,,,,,,,,,,,,,
04_26_22_29cell_a.4.jpg,29,a,4,19,,1806_29,5,,,,,,,,,,,,,,,,,,,,
04_26_22_29cell_b.1.jpg,29,b,1,49,,1806_29,5,,,,,,,,,,,,,,,,,,,,
04_26_22_29cell_b.2.jpg,29,b,2,47,,1806_29,5,,,,,,,,,,,,,,,,,,,,
04_26_22_29cell_b.3.jpg,29,b,3,,,1806_29,5,,,,,,,,,,,,,,,,,,,,
04_26_22_29cell_b.4.jpg,29,b,4,,,1806_29,5,,,,,,,,,,,,,,,,,,,,
04_26_22_29cell_c.1.jpg,29,c,1,67,,1806_29,5,,,,,,,,,,,,,,,,,,,,
04_26_22_29cell_c.2.jpg,29,c,2,59,,1806_29,5,,,,,,,,,,,,,,,,,,,,
04_26_22_29cell_c.3.jpg,29,c,3,79,,1806_29,5,,,,,,,,,,,,,,,,,,,,
04_26_22_29cell_c.4.jpg,29,c,4,85,,1806_29,5,,,,,,,,,,,,,,,,,,,,
04_26_22_GFPcell_a.1.jpg,GFP,a,1,58,,1806_GFP,5,,,,,,,,,,,,,,,,,,,,
04_26_22_GFPcell_a.2.jpg,GFP,a,2,90,,1806_GFP,5,,,,,,,,,,,,,,,,,,,,
04_26_22_GFPcell_a.3.jpg,GFP,a,3,26,,1806_GFP,5,,,,,,,,,,,,,,,,,,,,
04_26_22_GFPcell_a.4.jpg,GFP,a,4,37,,1806_GFP,5,,,,,,,,,,,,,,,,,,,,
04_29_22_GFPcell_a.5.jpg,GFP,a,5,50,,1806_GFP,5,,,,,,,,,,,,,,,,,,,,
04_29_22_GFPcell_a.6.jpg,GFP,a,6,51,,1806_GFP,5,,,,,,,,,,,,,,,,,,,,
04_29_22_GFPcell_b.1.jpg,GFP,b,1,48,,1806_GFP,5,,,,,,,,,,,,,,,,,,,,
04_29_22_GFPcell_b.2.jpg,GFP,b,2,50,,1806_GFP,5,,,,,,,,,,,,,,,,,,,,
04_29_22_GFPcell_b.3.jpg,GFP,b,3,45,,1806_GFP,5,,,,,,,,,,,,,,,,,,,,
04_29_22_GFPcell_b.4.jpg,GFP,b,4,82,,1806_GFP,5,,,,,,,,,,,,,,,,,,,,
04_29_22_GFPcell_b.5.jpg,GFP,b,5,88,,1806_GFP,5,,,,,,,,,,,,,,,,,,,,
04_29_22_GFPcell_b.6.jpg,GFP,b,6,47,,1806_GFP,5,,,,,,,,,,,,,,,,,,,,
04_29_22_GFPcell_c.1.jpg,GFP,c,1,51,,1806_GFP,5,,,,,,,,,,,,,,,,,,,,
04_29_22_GFPcell_c.2.jpg,GFP,c,2,46,,1806_GFP,5,,,,,,,,,,,,,,,,,,,,
04_29_22_GFPcell_c.3.jpg,GFP,c,3,45,,1806_GFP,5,,,,,,,,,,,,,,,,,,,,
04_29_22_GFPcell_c.4.jpg,GFP,c,4,45,,1806_GFP,5,,,,,,,,,,,,,,,,,,,,
04_29_22_GFPcell_c.5.jpg,GFP,c,5,48,,1806_GFP,5,,,,,,,,,,,,,,,,,,,,
04_29_22_GFPcell_c.6.jpg,GFP,c,6,91,,1806_GFP,5,,,,,,,,,,,,,,,,,,,,
04_29_22_MCcell_a.1.jpg,MC,a,1,89,,1806_MC,5,,,,,,,,,,,,,,,,,,,,
04_29_22_MCcell_a.2.jpg,MC,a,2,51,,1806_MC,5,,,,,,,,,,,,,,,,,,,,
04_29_22_MCcell_a.3.jpg,MC,a,3,47,,1806_MC,5,,,,,,,,,,,,,,,,,,,,
04_29_22_MCcell_a.4.jpg,MC,a,4,49,,1806_MC,5,,,,,,,,,,,,,,,,,,,,
04_29_22_MCcell_a.5.jpg,MC,a,5,46,,1806_MC,5,,,,,,,,,,,,,,,,,,,,
04_29_22_MCcell_a.6.jpg,MC,a,6,45,,1806_MC,5,,,,,,,,,,,,,,,,,,,,
04_29_22_MCcell_b.1.jpg,MC,b,1,46,,1806_MC,5,,,,,,,,,,,,,,,,,,,,
04_29_22_MCcell_b.2.jpg,MC,b,2,43,,1806_MC,5,,,,,,,,,,,,,,,,,,,,
04_29_22_MCcell_c.1.jpg,MC,c,1,47,,1806_MC,5,,,,,,,,,,,,,,,,,,,,
04_29_22_MCcell_c.2.jpg,MC,c,2,87,,1806_MC,5,,,,,,,,,,,,,,,,,,,,
04_29_22_MCcell_c.3.jpg,MC,c,3,39,,1806_MC,5,,,,,,,,,,,,,,,,,,,,
04_29_22_MCcell_c.4.jpg,MC,c,4,48,,1806_MC,5,,,,,,,,,,,,,,,,,,,,
04_29_22_MCcell_c.5.jpg,MC,c,5,53,,1806_MC,5,,,,,,,,,,,,,,,,,,,,
04_29_22_MCcell_c.6.jpg,MC,c,6,55,,1806_MC,5,,,,,,,,,,,,,,,,,,,,
04_29_22_MCcell_c.7.jpg,MC,c,7,46,,1806_MC,5,,,,,,,,,,,,,,,,,,,,
04_29_22_MCcell_c.8.jpg,MC,c,8,,,1806_MC,5,,,,,,,,,,,,,,,,,,,,
,,,,,,,,,,,,,,,,,,,,,,,,,,,
,,,,,,,,,,,,,,,,,,,,,,,,,,,
,,,,,,,,,,,,,,,,,,,,,,,,,,,
,,,,,,,,,,,,,,,,,,,,,,,,,,,
,,,,,,,,,,,,,,,,,,,,,,,,,,,
,,,,,,,,,,,,,,,,,,,,,,,,,,,
,,,,,,,,,,,,,,,,,,,,,,,,,,,
,,,,,,,,,,,,,,,,,,,,,,,,,,,
,,,,,,,,,,,,,,,,,,,,,,,,,,,
,,,,,,,,,,,,,,,,,,,,,,,,,,,
,,,,,,,,,,,,,,,,,,,,,,,,,,,
,,,,,,,,,,,,,,,,,,,,,,,,,,,
,,,,,,,,,,,,,,,,,,,,,,,,,,,
,,,,,,,,,,,,,,,,,,,,,,,,,,,
,,,,,,,,,,,,,,,,,,,,,,,,,,,
,,,,,,,,,,,,,,,,,,,,,,,,,,,
,,,,,,,,,,,,,,,,,,,,,,,,,,,
,,,,,,,,,,,,,,,,,,,,,,,,,,,
,,,,,,,,,,,,,,,,,,,,,,,,,,,
,,,,,,,,,,,,,,,,,,,,,,,,,,,
,,,,,,,,,,,,,,,,,,,,,,,,,,,
,,,,,,,,,,,,,,,,,,,,,,,,,,,
,,,,,,,,,,,,,,,,,,,,,,,,,,,
,,,,,,,,,,,,,,,,,,,,,,,,,,,
,,,,,,,,,,,,,,,,,,,,,,,,,,,
,,,,,,,,,,,,,,,,,,,,,,,,,,,
,,,,,,,,,,,,,,,,,,,,,,,,,,,
,,,,,,,,,,,,,,,,,,,,,,,,,,,
,,,,,,,,,,,,,,,,,,,,,,,,,,,
,,,,,,,,,,,,,,,,,,,,,,,,,,,
,,,,,,,,,,,,,,,,,,,,,,,,,,,
,,,,,,,,,,,,,,,,,,,,,,,,,,,
,,,,,,,,,,,,,,,,,,,,,,,,,,,
,,,,,,,,,,,,,,,,,,,,,,,,,,,
,,,,,,,,,,,,,,,,,,,,,,,,,,,
,,,,,,,,,,,,,,,,,,,,,,,,,,,
,,,,,,,,,,,,,,,,,,,,,,,,,,,
,,,,,,,,,,,,,,,,,,,,,,,,,,,
,,,,,,,,,,,,,,,,,,,,,,,,,,,
,,,,,,,,,,,,,,,,,,,,,,,,,,,
,,,,,,,,,,,,,,,,,,,,,,,,,,,
,,,,,,,,,,,,,,,,,,,,,,,,,,,
,,,,,,,,,,,,,,,,,,,,,,,,,,,
,,,,,,,,,,,,,,,,,,,,,,,,,,,
,,,,,,,,,,,,,,,,,,,,,,,,,,,
,,,,,,,,,,,,,,,,,,,,,,,,,,,
,,,,,,,,,,,,,,,,,,,,,,,,,,,
,,,,,,,,,,,,,,,,,,,,,,,,,,,
,,,,,,,,,,,,,,,,,,,,,,,,,,,
,,,,,,,,,,,,,,,,,,,,,,,,,,,
,,,,,,,,,,,,,,,,,,,,,,,,,,,
,,,,,,,,,,,,,,,,,,,,,,,,,,,
,,,,,,,,,,,,,,,,,,,,,,,,,,,
,,,,,,,,,,,,,,,,,,,,,,,,,,,
,,,,,,,,,,,,,,,,,,,,,,,,,,,
,,,,,,,,,,,,,,,,,,,,,,,,,,,
,,,,,,,,,,,,,,,,,,,,,,,,,,,
,,,,,,,,,,,,,,,,,,,,,,,,,,,
,,,,,,,,,,,,,,,,,,,,,,,,,,,
,,,,,,,,,,,,,,,,,,,,,,,,,,,
,,,,,,,,,,,,,,,,,,,,,,,,,,,
,,,,,,,,,,,,,,,,,,,,,,,,,,,
,,,,,,,,,,,,,,,,,,,,,,,,,,,
,,,,,,,,,,,,,,,,,,,,,,,,,,,
,,,,,,,,,,,,,,,,,,,,,,,,,,,
,,,,,,,,,,,,,,,,,,,,,,,,,,,
,,,,,,,,,,,,,,,,,,,,,,,,,,,
,,,,,,,,,,,,,,,,,,,,,,,,,,,
,,,,,,,,,,,,,,,,,,,,,,,,,,,
,,,,,,,,,,,,,,,,,,,,,,,,,,,
,,,,,,,,,,,,,,,,,,,,,,,,,,,
,,,,,,,,,,,,,,,,,,,,,,,,,,,
,,,,,,,,,,,,,,,,,,,,,,,,,,,
,,,,,,,,,,,,,,,,,,,,,,,,,,,
,,,,,,,,,,,,,,,,,,,,,,,,,,,
,,,,,,,,,,,,,,,,,,,,,,,,,,,
,,,,,,,,,,,,,,,,,,,,,,,,,,,
,,,,,,,,,,,,,,,,,,,,,,,,,,,
,,,,,,,,,,,,,,,,,,,,,,,,,,,
,,,,,,,,,,,,,,,,,,,,,,,,,,,
,,,,,,,,,,,,,,,,,,,,,,,,,,,
,,,,,,,,,,,,,,,,,,,,,,,,,,,
,,,,,,,,,,,,,,,,,,,,,,,,,,,
,,,,,,,,,,,,,,,,,,,,,,,,,,,
,,,,,,,,,,,,,,,,,,,,,,,,,,,
,,,,,,,,,,,,,,,,,,,,,,,,,,,
,,,,,,,,,,,,,,,,,,,,,,,,,,,
,,,,,,,,,,,,,,,,,,,,,,,,,,,
,,,,,,,,,,,,,,,,,,,,,,,,,,,
,,,,,,,,,,,,,,,,,,,,,,,,,,,
,,,,,,,,,,,,,,,,,,,,,,,,,,,
,,,,,,,,,,,,,,,,,,,,,,,,,,,
,,,,,,,,,,,,,,,,,,,,,,,,,,,
,,,,,,,,,,,,,,,,,,,,,,,,,,,
,,,,,,,,,,,,,,,,,,,,,,,,,,,
,,,,,,,,,,,,,,,,,,,,,,,,,,,
,,,,,,,,,,,,,,,,,,,,,,,,,,,
,,,,,,,,,,,,,,,,,,,,,,,,,,,
,,,,,,,,,,,,,,,,,,,,,,,,,,,
,,,,,,,,,,,,,,,,,,,,,,,,,,,
,,,,,,,,,,,,,,,,,,,,,,,,,,,
,,,,,,,,,,,,,,,,,,,,,,,,,,,
,,,,,,,,,,,,,,,,,,,,,,,,,,,
,,,,,,,,,,,,,,,,,,,,,,,,,,,
,,,,,,,,,,,,,,,,,,,,,,,,,,,
,,,,,,,,,,,,,,,,,,,,,,,,,,,
,,,,,,,,,,,,,,,,,,,,,,,,,,,
,,,,,,,,,,,,,,,,,,,,,,,,,,,
,,,,,,,,,,,,,,,,,,,,,,,,,,,
,,,,,,,,,,,,,,,,,,,,,,,,,,,
,,,,,,,,,,,,,,,,,,,,,,,,,,,
,,,,,,,,,,,,,,,,,,,,,,,,,,,
,,,,,,,,,,,,,,,,,,,,,,,,,,,
,,,,,,,,,,,,,,,,,,,,,,,,,,,
,,,,,,,,,,,,,,,,,,,,,,,,,,,
,,,,,,,,,,,,,,,,,,,,,,,,,,,
,,,,,,,,,,,,,,,,,,,,,,,,,,,
,,,,,,,,,,,,,,,,,,,,,,,,,,,
,,,,,,,,,,,,,,,,,,,,,,,,,,,
,,,,,,,,,,,,,,,,,,,,,,,,,,,
,,,,,,,,,,,,,,,,,,,,,,,,,,,
,,,,,,,,,,,,,,,,,,,,,,,,,,,
,,,,,,,,,,,,,,,,,,,,,,,,,,,
,,,,,,,,,,,,,,,,,,,,,,,,,,,
,,,,,,,,,,,,,,,,,,,,,,,,,,,
,,,,,,,,,,,,,,,,,,,,,,,,,,,
,,,,,,,,,,,,,,,,,,,,,,,,,,,
,,,,,,,,,,,,,,,,,,,,,,,,,,,
,,,,,,,,,,,,,,,,,,,,,,,,,,,
,,,,,,,,,,,,,,,,,,,,,,,,,,,
,,,,,,,,,,,,,,,,,,,,,,,,,,,
,,,,,,,,,,,,,,,,,,,,,,,,,,,
,,,,,,,,,,,,,,,,,,,,,,,,,,,
,,,,,,,,,,,,,,,,,,,,,,,,,,,
,,,,,,,,,,,,,,,,,,,,,,,,,,,
,,,,,,,,,,,,,,,,,,,,,,,,,,,
,,,,,,,,,,,,,,,,,,,,,,,,,,,
,,,,,,,,,,,,,,,,,,,,,,,,,,,
,,,,,,,,,,,,,,,,,,,,,,,,,,,
,,,,,,,,,,,,,,,,,,,,,,,,,,,
,,,,,,,,,,,,,,,,,,,,,,,,,,,
,,,,,,,,,,,,,,,,,,,,,,,,,,,
,,,,,,,,,,,,,,,,,,,,,,,,,,,
,,,,,,,,,,,,,,,,,,,,,,,,,,,
,,,,,,,,,,,,,,,,,,,,,,,,,,,
,,,,,,,,,,,,,,,,,,,,,,,,,,,
,,,,,,,,,,,,,,,,,,,,,,,,,,,
,,,,,,,,,,,,,,,,,,,,,,,,,,,
,,,,,,,,,,,,,,,,,,,,,,,,,,,
,,,,,,,,,,,,,,,,,,,,,,,,,,,
,,,,,,,,,,,,,,,,,,,,,,,,,,,
,,,,,,,,,,,,,,,,,,,,,,,,,,,
,,,,,,,,,,,,,,,,,,,,,,,,,,,
,,,,,,,,,,,,,,,,,,,,,,,,,,,
,,,,,,,,,,,,,,,,,,,,,,,,,,,
,,,,,,,,,,,,,,,,,,,,,,,,,,,
,,,,,,,,,,,,,,,,,,,,,,,,,,,
,,,,,,,,,,,,,,,,,,,,,,,,,,,
,,,,,,,,,,,,,,,,,,,,,,,,,,,
,,,,,,,,,,,,,,,,,,,,,,,,,,,
,,,,,,,,,,,,,,,,,,,,,,,,,,,
,,,,,,,,,,,,,,,,,,,,,,,,,,,
,,,,,,,,,,,,,,,,,,,,,,,,,,,
,,,,,,,,,,,,,,,,,,,,,,,,,,,
,,,,,,,,,,,,,,,,,,,,,,,,,,,
,,,,,,,,,,,,,,,,,,,,,,,,,,,
,,,,,,,,,,,,,,,,,,,,,,,,,,,
,,,,,,,,,,,,,,,,,,,,,,,,,,,
,,,,,,,,,,,,,,,,,,,,,,,,,,,
,,,,,,,,,,,,,,,,,,,,,,,,,,,
,,,,,,,,,,,,,,,,,,,,,,,,,,,
,,,,,,,,,,,,,,,,,,,,,,,,,,,
,,,,,,,,,,,,,,,,,,,,,,,,,,,
,,,,,,,,,,,,,,,,,,,,,,,,,,,
,,,,,,,,,,,,,,,,,,,,,,,,,,,
,,,,,,,,,,,,,,,,,,,,,,,,,,,
,,,,,,,,,,,,,,,,,,,,,,,,,,,
,,,,,,,,,,,,,,,,,,,,,,,,,,,
,,,,,,,,,,,,,,,,,,,,,,,,,,,
,,,,,,,,,,,,,,,,,,,,,,,,,,,
,,,,,,,,,,,,,,,,,,,,,,,,,,,
,,,,,,,,,,,,,,,,,,,,,,,,,,,
,,,,,,,,,,,,,,,,,,,,,,,,,,,
,,,,,,,,,,,,,,,,,,,,,,,,,,,
,,,,,,,,,,,,,,,,,,,,,,,,,,,
,,,,,,,,,,,,,,,,,,,,,,,,,,,
,,,,,,,,,,,,,,,,,,,,,,,,,,,
,,,,,,,,,,,,,,,,,,,,,,,,,,,
,,,,,,,,,,,,,,,,,,,,,,,,,,,
,,,,,,,,,,,,,,,,,,,,,,,,,,,
,,,,,,,,,,,,,,,,,,,,,,,,,,,
,,,,,,,,,,,,,,,,,,,,,,,,,,,
,,,,,,,,,,,,,,,,,,,,,,,,,,,
,,,,,,,,,,,,,,,,,,,,,,,,,,,
,,,,,,,,,,,,,,,,,,,,,,,,,,,
,,,,,,,,,,,,,,,,,,,,,,,,,,,
,,,,,,,,,,,,,,,,,,,,,,,,,,,
,,,,,,,,,,,,,,,,,,,,,,,,,,,
,,,,,,,,,,,,,,,,,,,,,,,,,,,
,,,,,,,,,,,,,,,,,,,,,,,,,,,
,,,,,,,,,,,,,,,,,,,,,,,,,,,
,,,,,,,,,,,,,,,,,,,,,,,,,,,
,,,,,,,,,,,,,,,,,,,,,,,,,,,
,,,,,,,,,,,,,,,,,,,,,,,,,,,
,,,,,,,,,,,,,,,,,,,,,,,,,,,
,,,,,,,,,,,,,,,,,,,,,,,,,,,
,,,,,,,,,,,,,,,,,,,,,,,,,,,
,,,,,,,,,,,,,,,,,,,,,,,,,,,
,,,,,,,,,,,,,,,,,,,,,,,,,,,
,,,,,,,,,,,,,,,,,,,,,,,,,,,
,,,,,,,,,,,,,,,,,,,,,,,,,,,
,,,,,,,,,,,,,,,,,,,,,,,,,,,
,,,,,,,,,,,,,,,,,,,,,,,,,,,
,,,,,,,,,,,,,,,,,,,,,,,,,,,
,,,,,,,,,,,,,,,,,,,,,,,,,,,
,,,,,,,,,,,,,,,,,,,,,,,,,,,
,,,,,,,,,,,,,,,,,,,,,,,,,,,
,,,,,,,,,,,,,,,,,,,,,,,,,,,
,,,,,,,,,,,,,,,,,,,,,,,,,,,
,,,,,,,,,,,,,,,,,,,,,,,,,,,
,,,,,,,,,,,,,,,,,,,,,,,,,,,
,,,,,,,,,,,,,,,,,,,,,,,,,,,
,,,,,,,,,,,,,,,,,,,,,,,,,,,
,,,,,,,,,,,,,,,,,,,,,,,,,,,
,,,,,,,,,,,,,,,,,,,,,,,,,,,
,,,,,,,,,,,,,,,,,,,,,,,,,,,
,,,,,,,,,,,,,,,,,,,,,,,,,,,
,,,,,,,,,,,,,,,,,,,,,,,,,,,
,,,,,,,,,,,,,,,,,,,,,,,,,,,
,,,,,,,,,,,,,,,,,,,,,,,,,,,
,,,,,,,,,,,,,,,,,,,,,,,,,,,
,,,,,,,,,,,,,,,,,,,,,,,,,,,
,,,,,,,,,,,,,,,,,,,,,,,,,,,
,,,,,,,,,,,,,,,,,,,,,,,,,,,
,,,,,,,,,,,,,,,,,,,,,,,,,,,
,,,,,,,,,,,,,,,,,,,,,,,,,,,
,,,,,,,,,,,,,,,,,,,,,,,,,,,
,,,,,,,,,,,,,,,,,,,,,,,,,,,
,,,,,,,,,,,,,,,,,,,,,,,,,,,
,,,,,,,,,,,,,,,,,,,,,,,,,,,
,,,,,,,,,,,,,,,,,,,,,,,,,,,
,,,,,,,,,,,,,,,,,,,,,,,,,,,
,,,,,,,,,,,,,,,,,,,,,,,,,,,
,,,,,,,,,,,,,,,,,,,,,,,,,,,
,,,,,,,,,,,,,,,,,,,,,,,,,,,
,,,,,,,,,,,,,,,,,,,,,,,,,,,
,,,,,,,,,,,,,,,,,,,,,,,,,,,
,,,,,,,,,,,,,,,,,,,,,,,,,,,
,,,,,,,,,,,,,,,,,,,,,,,,,,,
,,,,,,,,,,,,,,,,,,,,,,,,,,,
,,,,,,,,,,,,,,,,,,,,,,,,,,,
,,,,,,,,,,,,,,,,,,,,,,,,,,,
,,,,,,,,,,,,,,,,,,,,,,,,,,,
,,,,,,,,,,,,,,,,,,,,,,,,,,,
,,,,,,,,,,,,,,,,,,,,,,,,,,,
,,,,,,,,,,,,,,,,,,,,,,,,,,,
,,,,,,,,,,,,,,,,,,,,,,,,,,,
,,,,,,,,,,,,,,,,,,,,,,,,,,,
,,,,,,,,,,,,,,,,,,,,,,,,,,,
,,,,,,,,,,,,,,,,,,,,,,,,,,,
,,,,,,,,,,,,,,,,,,,,,,,,,,,
,,,,,,,,,,,,,,,,,,,,,,,,,,,
,,,,,,,,,,,,,,,,,,,,,,,,,,,
,,,,,,,,,,,,,,,,,,,,,,,,,,,
,,,,,,,,,,,,,,,,,,,,,,,,,,,
,,,,,,,,,,,,,,,,,,,,,,,,,,,
,,,,,,,,,,,,,,,,,,,,,,,,,,,
,,,,,,,,,,,,,,,,,,,,,,,,,,,
,,,,,,,,,,,,,,,,,,,,,,,,,,,
,,,,,,,,,,,,,,,,,,,,,,,,,,,
,,,,,,,,,,,,,,,,,,,,,,,,,,,
,,,,,,,,,,,,,,,,,,,,,,,,,,,
,,,,,,,,,,,,,,,,,,,,,,,,,,,
,,,,,,,,,,,,,,,,,,,,,,,,,,,
,,,,,,,,,,,,,,,,,,,,,,,,,,,
,,,,,,,,,,,,,,,,,,,,,,,,,,,
,,,,,,,,,,,,,,,,,,,,,,,,,,,
,,,,,,,,,,,,,,,,,,,,,,,,,,,
,,,,,,,,,,,,,,,,,,,,,,,,,,,
,,,,,,,,,,,,,,,,,,,,,,,,,,,
,,,,,,,,,,,,,,,,,,,,,,,,,,,
,,,,,,,,,,,,,,,,,,,,,,,,,,,
,,,,,,,,,,,,,,,,,,,,,,,,,,,
,,,,,,,,,,,,,,,,,,,,,,,,,,,
,,,,,,,,,,,,,,,,,,,,,,,,,,,
,,,,,,,,,,,,,,,,,,,,,,,,,,,
,,,,,,,,,,,,,,,,,,,,,,,,,,,
,,,,,,,,,,,,,,,,,,,,,,,,,,,
,,,,,,,,,,,,,,,,,,,,,,,,,,,
,,,,,,,,,,,,,,,,,,,,,,,,,,,
,,,,,,,,,,,,,,,,,,,,,,,,,,,
,,,,,,,,,,,,,,,,,,,,,,,,,,,
,,,,,,,,,,,,,,,,,,,,,,,,,,,
,,,,,,,,,,,,,,,,,,,,,,,,,,,
,,,,,,,,,,,,,,,,,,,,,,,,,,,
,,,,,,,,,,,,,,,,,,,,,,,,,,,
,,,,,,,,,,,,,,,,,,,,,,,,,,,
,,,,,,,,,,,,,,,,,,,,,,,,,,,
,,,,,,,,,,,,,,,,,,,,,,,,,,,
,,,,,,,,,,,,,,,,,,,,,,,,,,,
,,,,,,,,,,,,,,,,,,,,,,,,,,,
,,,,,,,,,,,,,,,,,,,,,,,,,,,
,,,,,,,,,,,,,,,,,,,,,,,,,,,
,,,,,,,,,,,,,,,,,,,,,,,,,,,
,,,,,,,,,,,,,,,,,,,,,,,,,,,
,,,,,,,,,,,,,,,,,,,,,,,,,,,
,,,,,,,,,,,,,,,,,,,,,,,,,,,
,,,,,,,,,,,,,,,,,,,,,,,,,,,
,,,,,,,,,,,,,,,,,,,,,,,,,,,
,,,,,,,,,,,,,,,,,,,,,,,,,,,
,,,,,,,,,,,,,,,,,,,,,,,,,,,
,,,,,,,,,,,,,,,,,,,,,,,,,,,
,,,,,,,,,,,,,,,,,,,,,,,,,,,
,,,,,,,,,,,,,,,,,,,,,,,,,,,
,,,,,,,,,,,,,,,,,,,,,,,,,,,
,,,,,,,,,,,,,,,,,,,,,,,,,,,
,,,,,,,,,,,,,,,,,,,,,,,,,,,
,,,,,,,,,,,,,,,,,,,,,,,,,,,
,,,,,,,,,,,,,,,,,,,,,,,,,,,
,,,,,,,,,,,,,,,,,,,,,,,,,,,
,,,,,,,,,,,,,,,,,,,,,,,,,,,
,,,,,,,,,,,,,,,,,,,,,,,,,,,
,,,,,,,,,,,,,,,,,,,,,,,,,,,
,,,,,,,,,,,,,,,,,,,,,,,,,,,
,,,,,,,,,,,,,,,,,,,,,,,,,,,
,,,,,,,,,,,,,,,,,,,,,,,,,,,
,,,,,,,,,,,,,,,,,,,,,,,,,,,
,,,,,,,,,,,,,,,,,,,,,,,,,,,
,,,,,,,,,,,,,,,,,,,,,,,,,,,
,,,,,,,,,,,,,,,,,,,,,,,,,,,
,,,,,,,,,,,,,,,,,,,,,,,,,,,
,,,,,,,,,,,,,,,,,,,,,,,,,,,
,,,,,,,,,,,,,,,,,,,,,,,,,,,
,,,,,,,,,,,,,,,,,,,,,,,,,,,
,,,,,,,,,,,,,,,,,,,,,,,,,,,
,,,,,,,,,,,,,,,,,,,,,,,,,,,
,,,,,,,,,,,,,,,,,,,,,,,,,,,
,,,,,,,,,,,,,,,,,,,,,,,,,,,
,,,,,,,,,,,,,,,,,,,,,,,,,,,
,,,,,,,,,,,,,,,,,,,,,,,,,,,
,,,,,,,,,,,,,,,,,,,,,,,,,,,
,,,,,,,,,,,,,,,,,,,,,,,,,,,
,,,,,,,,,,,,,,,,,,,,,,,,,,,
,,,,,,,,,,,,,,,,,,,,,,,,,,,
,,,,,,,,,,,,,,,,,,,,,,,,,,,
,,,,,,,,,,,,,,,,,,,,,,,,,,,
,,,,,,,,,,,,,,,,,,,,,,,,,,,
,,,,,,,,,,,,,,,,,,,,,,,,,,,
,,,,,,,,,,,,,,,,,,,,,,,,,,,
,,,,,,,,,,,,,,,,,,,,,,,,,,,
,,,,,,,,,,,,,,,,,,,,,,,,,,,
,,,,,,,,,,,,,,,,,,,,,,,,,,,
,,,,,,,,,,,,,,,,,,,,,,,,,,,
,,,,,,,,,,,,,,,,,,,,,,,,,,,
,,,,,,,,,,,,,,,,,,,,,,,,,,,
,,,,,,,,,,,,,,,,,,,,,,,,,,,
,,,,,,,,,,,,,,,,,,,,,,,,,,,
,,,,,,,,,,,,,,,,,,,,,,,,,,,
,,,,,,,,,,,,,,,,,,,,,,,,,,,
,,,,,,,,,,,,,,,,,,,,,,,,,,,
,,,,,,,,,,,,,,,,,,,,,,,,,,,
,,,,,,,,,,,,,,,,,,,,,,,,,,,
,,,,,,,,,,,,,,,,,,,,,,,,,,,
,,,,,,,,,,,,,,,,,,,,,,,,,,,
,,,,,,,,,,,,,,,,,,,,,,,,,,,
,,,,,,,,,,,,,,,,,,,,,,,,,,,
,,,,,,,,,,,,,,,,,,,,,,,,,,,
,,,,,,,,,,,,,,,,,,,,,,,,,,,
,,,,,,,,,,,,,,,,,,,,,,,,,,,
,,,,,,,,,,,,,,,,,,,,,,,,,,,
,,,,,,,,,,,,,,,,,,,,,,,,,,,
,,,,,,,,,,,,,,,,,,,,,,,,,,,
,,,,,,,,,,,,,,,,,,,,,,,,,,,
,,,,,,,,,,,,,,,,,,,,,,,,,,,
,,,,,,,,,,,,,,,,,,,,,,,,,,,
,,,,,,,,,,,,,,,,,,,,,,,,,,,
,,,,,,,,,,,,,,,,,,,,,,,,,,,
,,,,,,,,,,,,,,,,,,,,,,,,,,,
,,,,,,,,,,,,,,,,,,,,,,,,,,,
,,,,,,,,,,,,,,,,,,,,,,,,,,,
,,,,,,,,,,,,,,,,,,,,,,,,,,,
,,,,,,,,,,,,,,,,,,,,,,,,,,,
,,,,,,,,,,,,,,,,,,,,,,,,,,,
,,,,,,,,,,,,,,,,,,,,,,,,,,,
,,,,,,,,,,,,,,,,,,,,,,,,,,,
,,,,,,,,,,,,,,,,,,,,,,,,,,,
,,,,,,,,,,,,,,,,,,,,,,,,,,,
,,,,,,,,,,,,,,,,,,,,,,,,,,,
,,,,,,,,,,,,,,,,,,,,,,,,,,,
,,,,,,,,,,,,,,,,,,,,,,,,,,,
,,,,,,,,,,,,,,,,,,,,,,,,,,,
,,,,,,,,,,,,,,,,,,,,,,,,,,,
,,,,,,,,,,,,,,,,,,,,,,,,,,,
,,,,,,,,,,,,,,,,,,,,,,,,,,,
,,,,,,,,,,,,,,,,,,,,,,,,,,,
,,,,,,,,,,,,,,,,,,,,,,,,,,,
,,,,,,,,,,,,,,,,,,,,,,,,,,,
,,,,,,,,,,,,,,,,,,,,,,,,,,,
,,,,,,,,,,,,,,,,,,,,,,,,,,,
,,,,,,,,,,,,,,,,,,,,,,,,,,,
,,,,,,,,,,,,,,,,,,,,,,,,,,,
,,,,,,,,,,,,,,,,,,,,,,,,,,,
,,,,,,,,,,,,,,,,,,,,,,,,,,,
,,,,,,,,,,,,,,,,,,,,,,,,,,,
,,,,,,,,,,,,,,,,,,,,,,,,,,,
,,,,,,,,,,,,,,,,,,,,,,,,,,,
,,,,,,,,,,,,,,,,,,,,,,,,,,,
,,,,,,,,,,,,,,,,,,,,,,,,,,,
,,,,,,,,,,,,,,,,,,,,,,,,,,,
,,,,,,,,,,,,,,,,,,,,,,,,,,,
,,,,,,,,,,,,,,,,,,,,,,,,,,,
,,,,,,,,,,,,,,,,,,,,,,,,,,,
,,,,,,,,,,,,,,,,,,,,,,,,,,,
,,,,,,,,,,,,,,,,,,,,,,,,,,,
,,,,,,,,,,,,,,,,,,,,,,,,,,,
,,,,,,,,,,,,,,,,,,,,,,,,,,,
,,,,,,,,,,,,,,,,,,,,,,,,,,,
,,,,,,,,,,,,,,,,,,,,,,,,,,,
,,,,,,,,,,,,,,,,,,,,,,,,,,,
,,,,,,,,,,,,,,,,,,,,,,,,,,,
,,,,,,,,,,,,,,,,,,,,,,,,,,,
,,,,,,,,,,,,,,,,,,,,,,,,,,,
,,,,,,,,,,,,,,,,,,,,,,,,,,,
,,,,,,,,,,,,,,,,,,,,,,,,,,,
,,,,,,,,,,,,,,,,,,,,,,,,,,,
,,,,,,,,,,,,,,,,,,,,,,,,,,,
,,,,,,,,,,,,,,,,,,,,,,,,,,,
,,,,,,,,,,,,,,,,,,,,,,,,,,,
,,,,,,,,,,,,,,,,,,,,,,,,,,,
,,,,,,,,,,,,,,,,,,,,,,,,,,,
,,,,,,,,,,,,,,,,,,,,,,,,,,,
,,,,,,,,,,,,,,,,,,,,,,,,,,,
,,,,,,,,,,,,,,,,,,,,,,,,,,,
,,,,,,,,,,,,,,,,,,,,,,,,,,,
,,,,,,,,,,,,,,,,,,,,,,,,,,,
,,,,,,,,,,,,,,,,,,,,,,,,,,,
,,,,,,,,,,,,,,,,,,,,,,,,,,,
,,,,,,,,,,,,,,,,,,,,,,,,,,,
,,,,,,,,,,,,,,,,,,,,,,,,,,,
,,,,,,,,,,,,,,,,,,,,,,,,,,,
,,,,,,,,,,,,,,,,,,,,,,,,,,,
,,,,,,,,,,,,,,,,,,,,,,,,,,,
,,,,,,,,,,,,,,,,,,,,,,,,,,,
,,,,,,,,,,,,,,,,,,,,,,,,,,,
,,,,,,,,,,,,,,,,,,,,,,,,,,,
,,,,,,,,,,,,,,,,,,,,,,,,,,,
,,,,,,,,,,,,,,,,,,,,,,,,,,,
,,,,,,,,,,,,,,,,,,,,,,,,,,,
,,,,,,,,,,,,,,,,,,,,,,,,,,,
,,,,,,,,,,,,,,,,,,,,,,,,,,,
,,,,,,,,,,,,,,,,,,,,,,,,,,,
,,,,,,,,,,,,,,,,,,,,,,,,,,,
,,,,,,,,,,,,,,,,,,,,,,,,,,,
,,,,,,,,,,,,,,,,,,,,,,,,,,,
,,,,,,,,,,,,,,,,,,,,,,,,,,,
,,,,,,,,,,,,,,,,,,,,,,,,,,,
,,,,,,,,,,,,,,,,,,,,,,,,,,,
,,,,,,,,,,,,,,,,,,,,,,,,,,,
,,,,,,,,,,,,,,,,,,,,,,,,,,,
,,,,,,,,,,,,,,,,,,,,,,,,,,,
,,,,,,,,,,,,,,,,,,,,,,,,,,,
,,,,,,,,,,,,,,,,,,,,,,,,,,,
,,,,,,,,,,,,,,,,,,,,,,,,,,,
,,,,,,,,,,,,,,,,,,,,,,,,,,,
,,,,,,,,,,,,,,,,,,,,,,,,,,,
,,,,,,,,,,,,,,,,,,,,,,,,,,,
,,,,,,,,,,,,,,,,,,,,,,,,,,,
,,,,,,,,,,,,,,,,,,,,,,,,,,,
,,,,,,,,,,,,,,,,,,,,,,,,,,,
,,,,,,,,,,,,,,,,,,,,,,,,,,,
,,,,,,,,,,,,,,,,,,,,,,,,,,,
,,,,,,,,,,,,,,,,,,,,,,,,,,,
,,,,,,,,,,,,,,,,,,,,,,,,,,,
,,,,,,,,,,,,,,,,,,,,,,,,,,,
,,,,,,,,,,,,,,,,,,,,,,,,,,,
,,,,,,,,,,,,,,,,,,,,,,,,,,,
,,,,,,,,,,,,,,,,,,,,,,,,,,,
,,,,,,,,,,,,,,,,,,,,,,,,,,,
,,,,,,,,,,,,,,,,,,,,,,,,,,,
,,,,,,,,,,,,,,,,,,,,,,,,,,,
,,,,,,,,,,,,,,,,,,,,,,,,,,,
,,,,,,,,,,,,,,,,,,,,,,,,,,,
,,,,,,,,,,,,,,,,,,,,,,,,,,,
,,,,,,,,,,,,,,,,,,,,,,,,,,,
,,,,,,,,,,,,,,,,,,,,,,,,,,,
,,,,,,,,,,,,,,,,,,,,,,,,,,,
,,,,,,,,,,,,,,,,,,,,,,,,,,,
,,,,,,,,,,,,,,,,,,,,,,,,,,,
,,,,,,,,,,,,,,,,,,,,,,,,,,,
,,,,,,,,,,,,,,,,,,,,,,,,,,,
,,,,,,,,,,,,,,,,,,,,,,,,,,,
,,,,,,,,,,,,,,,,,,,,,,,,,,,
,,,,,,,,,,,,,,,,,,,,,,,,,,,
,,,,,,,,,,,,,,,,,,,,,,,,,,,
,,,,,,,,,,,,,,,,,,,,,,,,,,,
,,,,,,,,,,,,,,,,,,,,,,,,,,,
,,,,,,,,,,,,,,,,,,,,,,,,,,,
,,,,,,,,,,,,,,,,,,,,,,,,,,,
,,,,,,,,,,,,,,,,,,,,,,,,,,,
,,,,,,,,,,,,,,,,,,,,,,,,,,,
,,,,,,,,,,,,,,,,,,,,,,,,,,,
,,,,,,,,,,,,,,,,,,,,,,,,,,,
,,,,,,,,,,,,,,,,,,,,,,,,,,,
,,,,,,,,,,,,,,,,,,,,,,,,,,,
,,,,,,,,,,,,,,,,,,,,,,,,,,,
,,,,,,,,,,,,,,,,,,,,,,,,,,,
,,,,,,,,,,,,,,,,,,,,,,,,,,,
,,,,,,,,,,,,,,,,,,,,,,,,,,,
,,,,,,,,,,,,,,,,,,,,,,,,,,,
,,,,,,,,,,,,,,,,,,,,,,,,,,,
,,,,,,,,,,,,,,,,,,,,,,,,,,,
,,,,,,,,,,,,,,,,,,,,,,,,,,,
,,,,,,,,,,,,,,,,,,,,,,,,,,,
,,,,,,,,,,,,,,,,,,,,,,,,,,,
,,,,,,,,,,,,,,,,,,,,,,,,,,,
,,,,,,,,,,,,,,,,,,,,,,,,,,,
,,,,,,,,,,,,,,,,,,,,,,,,,,,
,,,,,,,,,,,,,,,,,,,,,,,,,,,
,,,,,,,,,,,,,,,,,,,,,,,,,,,
,,,,,,,,,,,,,,,,,,,,,,,,,,,
,,,,,,,,,,,,,,,,,,,,,,,,,,,
,,,,,,,,,,,,,,,,,,,,,,,,,,,
,,,,,,,,,,,,,,,,,,,,,,,,,,,
,,,,,,,,,,,,,,,,,,,,,,,,,,,
,,,,,,,,,,,,,,,,,,,,,,,,,,,
,,,,,,,,,,,,,,,,,,,,,,,,,,,
,,,,,,,,,,,,,,,,,,,,,,,,,,,
,,,,,,,,,,,,,,,,,,,,,,,,,,,
,,,,,,,,,,,,,,,,,,,,,,,,,,,
,,,,,,,,,,,,,,,,,,,,,,,,,,,
,,,,,,,,,,,,,,,,,,,,,,,,,,,
,,,,,,,,,,,,,,,,,,,,,,,,,,,
,,,,,,,,,,,,,,,,,,,,,,,,,,,
,,,,,,,,,,,,,,,,,,,,,,,,,,,
,,,,,,,,,,,,,,,,,,,,,,,,,,,
,,,,,,,,,,,,,,,,,,,,,,,,,,,
,,,,,,,,,,,,,,,,,,,,,,,,,,,
,,,,,,,,,,,,,,,,,,,,,,,,,,,
,,,,,,,,,,,,,,,,,,,,,,,,,,,
,,,,,,,,,,,,,,,,,,,,,,,,,,,
,,,,,,,,,,,,,,,,,,,,,,,,,,,
,,,,,,,,,,,,,,,,,,,,,,,,,,,
,,,,,,,,,,,,,,,,,,,,,,,,,,,
,,,,,,,,,,,,,,,,,,,,,,,,,,,
,,,,,,,,,,,,,,,,,,,,,,,,,,,
,,,,,,,,,,,,,,,,,,,,,,,,,,,
,,,,,,,,,,,,,,,,,,,,,,,,,,,
,,,,,,,,,,,,,,,,,,,,,,,,,,,
,,,,,,,,,,,,,,,,,,,,,,,,,,,
,,,,,,,,,,,,,,,,,,,,,,,,,,,
,,,,,,,,,,,,,,,,,,,,,,,,,,,
,,,,,,,,,,,,,,,,,,,,,,,,,,,
,,,,,,,,,,,,,,,,,,,,,,,,,,,
,,,,,,,,,,,,,,,,,,,,,,,,,,,
,,,,,,,,,,,,,,,,,,,,,,,,,,,
