Vessel Name: KH2506_231_GR_1,,,,,,,,,,,,,,,,,,,,,,,,,,,,,,,,,,,,,,,,,,,,,,,,,,,,,,,,,,,,,,,,,,,,,,,,,,,,,,,,,,,,,,,,,,,,,,,,,,,,,,,,,,,,,,,,,,,,,,,,,,,,,,,,,,,,,,,,,,,,,,,,,,,,,,,,,,,,,,,,,,,,,,,,,,,,,,,,,,,,,
Metric: Phase Object Confluence (%),,,,,,,,,,,,,,,,,,,,,,,,,,,,,,,,,,,,,,,,,,,,,,,,,,,,,,,,,,,,,,,,,,,,,,,,,,,,,,,,,,,,,,,,,,,,,,,,,,,,,,,,,,,,,,,,,,,,,,,,,,,,,,,,,,,,,,,,,,,,,,,,,,,,,,,,,,,,,,,,,,,,,,,,,,,,,,,,,,,,,
Cell Type: ,,,,,,,,,,,,,,,,,,,,,,,,,,,,,,,,,,,,,,,,,,,,,,,,,,,,,,,,,,,,,,,,,,,,,,,,,,,,,,,,,,,,,,,,,,,,,,,,,,,,,,,,,,,,,,,,,,,,,,,,,,,,,,,,,,,,,,,,,,,,,,,,,,,,,,,,,,,,,,,,,,,,,,,,,,,,,,,,,,,,,
Passage: 0,,,,,,,,,,,,,,,,,,,,,,,,,,,,,,,,,,,,,,,,,,,,,,,,,,,,,,,,,,,,,,,,,,,,,,,,,,,,,,,,,,,,,,,,,,,,,,,,,,,,,,,,,,,,,,,,,,,,,,,,,,,,,,,,,,,,,,,,,,,,,,,,,,,,,,,,,,,,,,,,,,,,,,,,,,,,,,,,,,,,,
Notes: ,,,,,,,,,,,,,,,,,,,,,,,,,,,,,,,,,,,,,,,,,,,,,,,,,,,,,,,,,,,,,,,,,,,,,,,,,,,,,,,,,,,,,,,,,,,,,,,,,,,,,,,,,,,,,,,,,,,,,,,,,,,,,,,,,,,,,,,,,,,,,,,,,,,,,,,,,,,,,,,,,,,,,,,,,,,,,,,,,,,,,
Analysis: KKH_1806_improvedPhase,,,,,,,,,,,,,,,,,,,,,,,,,,,,,,,,,,,,,,,,,,,,,,,,,,,,,,,,,,,,,,,,,,,,,,,,,,,,,,,,,,,,,,,,,,,,,,,,,,,,,,,,,,,,,,,,,,,,,,,,,,,,,,,,,,,,,,,,,,,,,,,,,,,,,,,,,,,,,,,,,,,,,,,,,,,,,,,,,,,,,
,,,,,,,,,,,,,,,,,,,,,,,,,,,,,,,,,,,,,,,,,,,,,,,,,,,,,,,,,,,,,,,,,,,,,,,,,,,,,,,,,,,,,,,,,,,,,,,,,,,,,,,,,,,,,,,,,,,,,,,,,,,,,,,,,,,,,,,,,,,,,,,,,,,,,,,,,,,,,,,,,,,,,,,,,,,,,,,,,,,,,
Date Time,Elapsed,F1_231 (1) 3K / well (B2),F1_231 (1) 3K / well (B3),F1_231 (1) 3K / well (B4),F1_231 (1) 3K / well (B5),F1_231 (1) 3K / well (B6),F1_231 (1) 3K / well (B7),F1_231 (1) 3K / well (B8),F1_231 (1) 3K / well (B9),F1_231 (1) 3K / well (B10),F1_231 (1) 3K / well (B11),F2_231 (1) 3K / well (C2),F2_231 (1) 3K / well (C3),F2_231 (1) 3K / well (C4),F2_231 (1) 3K / well (C5),F2_231 (1) 3K / well (C6),F2_231 (1) 3K / well (C7),F2_231 (1) 3K / well (C8),F2_231 (1) 3K / well (C9),F2_231 (1) 3K / well (C10),F2_231 (1) 3K / well (C11),F3_231 (1) 3K / well (D2),F3_231 (1) 3K / well (D3),F3_231 (1) 3K / well (D4),F3_231 (1) 3K / well (D5),F3_231 (1) 3K / well (D6),F3_231 (1) 3K / well (D7),F3_231 (1) 3K / well (D8),F3_231 (1) 3K / well (D9),F3_231 (1) 3K / well (D10),F3_231 (1) 3K / well (D11),F4_231 (1) 3K / well (E2),F4_231 (1) 3K / well (E3),F4_231 (1) 3K / well (E4),F4_231 (1) 3K / well (E5),F4_231 (1) 3K / well (E6),F4_231 (1) 3K / well (E7),F4_231 (1) 3K / well (E8),F4_231 (1) 3K / well (E9),F4_231 (1) 3K / well (E10),F4_231 (1) 3K / well (E11),F5_231 (1) 3K / well (F2),F5_231 (1) 3K / well (F3),F5_231 (1) 3K / well (F4),F5_231 (1) 3K / well (F5),F5_231 (1) 3K / well (F6),F5_231 (1) 3K / well (F7),F5_231 (1) 3K / well (F8),F5_231 (1) 3K / well (F9),F5_231 (1) 3K / well (F10),F5_231 (1) 3K / well (F11),F6_231 (1) 3K / well (G2),F6_231 (1) 3K / well (G3),F6_231 (1) 3K / well (G4),F6_231 (1) 3K / well (G5),F6_231 (1) 3K / well (G6),F6_231 (1) 3K / well (G7),F6_231 (1) 3K / well (G8),F6_231 (1) 3K / well (G9),F6_231 (1) 3K / well (G10),F6_231 (1) 3K / well (G11),F7_231 (1) 3K / well (B2),F7_231 (1) 3K / well (B3),F7_231 (1) 3K / well (B4),F7_231 (1) 3K / well (B5),F7_231 (1) 3K / well (B6),F7_231 (1) 3K / well (B7),F7_231 (1) 3K / well (B8),F7_231 (1) 3K / well (B9),F7_231 (1) 3K / well (B10),F7_231 (1) 3K / well (B11),F8_231 (1) 3K / well (C2),F8_231 (1) 3K / well (C3),F8_231 (1) 3K / well (C4),F8_231 (1) 3K / well (C5),F8_231 (1) 3K / well (C6),F8_231 (1) 3K / well (C7),F8_231 (1) 3K / well (C8),F8_231 (1) 3K / well (C9),F8_231 (1) 3K / well (C10),F8_231 (1) 3K / well (C11),C1_231 (1) 3K / well (D2),C1_231 (1) 3K / well (D3),C1_231 (1) 3K / well (D4),C1_231 (1) 3K / well (D5),C1_231 (1) 3K / well (D6),C1_231 (1) 3K / well (D7),C1_231 (1) 3K / well (D8),C1_231 (1) 3K / well (D9),C1_231 (1) 3K / well (D10),C1_231 (1) 3K / well (D11),C2_231 (1) 3K / well (E2),C2_231 (1) 3K / well (E3),C2_231 (1) 3K / well (E4),C2_231 (1) 3K / well (E5),C2_231 (1) 3K / well (E6),C2_231 (1) 3K / well (E7),C2_231 (1) 3K / well (E8),C2_231 (1) 3K / well (E9),C2_231 (1) 3K / well (E10),C2_231 (1) 3K / well (E11),C3_231 (1) 3K / well (F2),C3_231 (1) 3K / well (F3),C3_231 (1) 3K / well (F4),C3_231 (1) 3K / well (F5),C3_231 (1) 3K / well (F6),C3_231 (1) 3K / well (F7),C3_231 (1) 3K / well (F8),C3_231 (1) 3K / well (F9),C3_231 (1) 3K / well (F10),C3_231 (1) 3K / well (F11),C4_231 (1) 3K / well (G2),C4_231 (1) 3K / well (G3),C4_231 (1) 3K / well (G4),C4_231 (1) 3K / well (G5),C4_231 (1) 3K / well (G6),C4_231 (1) 3K / well (G7),C4_231 (1) 3K / well (G8),C4_231 (1) 3K / well (G9),C4_231 (1) 3K / well (G10),C4_231 (1) 3K / well (G11),C5_231 (1) 3K / well (B2),C5_231 (1) 3K / well (B3),C5_231 (1) 3K / well (B4),C5_231 (1) 3K / well (B5),C5_231 (1) 3K / well (B6),C5_231 (1) 3K / well (B7),C5_231 (1) 3K / well (B8),C5_231 (1) 3K / well (B9),C5_231 (1) 3K / well (B10),C5_231 (1) 3K / well (B11),C6_231 (1) 3K / well (C2),C6_231 (1) 3K / well (C3),C6_231 (1) 3K / well (C4),C6_231 (1) 3K / well (C5),C6_231 (1) 3K / well (C6),C6_231 (1) 3K / well (C7),C6_231 (1) 3K / well (C8),C6_231 (1) 3K / well (C9),C6_231 (1) 3K / well (C10),C6_231 (1) 3K / well (C11),C7_231 (1) 3K / well (D2),C7_231 (1) 3K / well (D3),C7_231 (1) 3K / well (D4),C7_231 (1) 3K / well (D5),C7_231 (1) 3K / well (D6),C7_231 (1) 3K / well (D7),C7_231 (1) 3K / well (D8),C7_231 (1) 3K / well (D9),C7_231 (1) 3K / well (D10),C7_231 (1) 3K / well (D11),C8_231 (1) 3K / well (E2),C8_231 (1) 3K / well (E3),C8_231 (1) 3K / well (E4),C8_231 (1) 3K / well (E5),C8_231 (1) 3K / well (E6),C8_231 (1) 3K / well (E7),C8_231 (1) 3K / well (E8),C8_231 (1) 3K / well (E9),C8_231 (1) 3K / well (E10),C8_231 (1) 3K / well (E11),GFP (1) 3K / well (F2),GFP (1) 3K / well (F3),GFP (1) 3K / well (F4),GFP (1) 3K / well (F5),GFP (1) 3K / well (F6),GFP (1) 3K / well (F7),GFP (1) 3K / well (F8),GFP (1) 3K / well (F9),GFP (1) 3K / well (F10),GFP (1) 3K / well (F11),MC (1) 3K / well (G2),MC (1) 3K / well (G3),MC (1) 3K / well (G4),MC (1) 3K / well (G5),MC (1) 3K / well (G6),MC (1) 3K / well (G7),MC (1) 3K / well (G8),MC (1) 3K / well (G9),MC (1) 3K / well (G10),MC (1) 3K / well (G11)
9/17/2025 16:03,0,5.109203,8.877295,8.98383,9.099243,9.226305,9.274845,9.811008,9.408853,8.515202,8.723127,6.709529,8.088095,7.876897,8.268382,8.892332,8.402585,7.987335,8.02133,8.284748,8.54779,7.95869,8.875294,8.667439,9.950154,9.564671,10.10838,9.472539,8.906499,9.381035,8.712676,0.3244164,7.660388,9.668524,9.053489,9.449178,8.626683,9.140601,9.071906,9.774446,8.501961,9.085404,9.465731,10.13833,10.70679,9.368608,9.135096,9.839582,8.760617,8.745856,8.442566,7.431819,9.059183,6.875714,7.03815,7.138763,7.534182,8.007005,7.059945,6.664704,6.962637,5.737544,6.626096,6.477207,6.952005,6.433352,7.72645,6.312767,6.83934,6.371649,6.403368,6.979112,7.827728,8.090363,7.814112,7.545272,8.223194,7.983943,8.205925,8.471652,6.605268,4.540939,4.868443,5.918725,5.382214,5.854222,6.158031,6.109719,5.217591,4.931076,5.126129,3.743882,4.765484,6.038937,4.149793,4.580513,4.550834,4.914601,3.987324,5.533006,3.875924,4.660781,3.807487,4.323312,4.60216,5.328475,4.487748,5.320475,5.265388,4.430395,4.00726,6.079774,5.514818,6.705658,6.215393,6.688883,5.910057,6.767133,6.188191,5.226698,5.766182,4.651042,6.852644,5.915367,5.020609,5.781842,5.402041,4.995905,5.378911,6.328974,4.89507,7.644613,6.80679,6.720573,6.98191,6.4178,6.150894,6.093051,5.989951,5.793522,6.613193,5.265538,5.007662,5.390813,6.72247,5.295331,5.926383,5.787686,5.735944,6.131217,4.999514,5.117687,4.961466,5.061744,4.889498,5.275618,5.197358,5.314746,4.963325,5.113333,5.057243,4.689718,5.075281,4.33045,4.535101,4.464503,5.25862,4.566752,5.035149,4.709323,4.809672,5.422018,6.118567,5.161909,5.905888,5.317607,5.382143,5.439715,5.509168,5.542644,5.110024
9/17/2025 20:03,4,9.631246,9.974858,10.27673,10.22827,11.2624,10.08056,10.93457,10.66442,9.61529,9.523827,7.254175,10.07941,9.361057,9.296714,9.779321,9.413507,8.92271,9.727134,9.09225,9.136739,9.331783,10.53162,10.32018,12.10135,10.70614,11.62391,11.40058,10.16772,11.24801,9.900432,0.8969252,9.47904,11.35186,11.09532,11.41654,10.35089,10.77499,10.22064,11.63313,10.27558,10.96662,10.93412,11.74516,11.90618,11.31427,10.69733,11.59686,10.05735,10.94457,9.481723,8.525619,10.48384,8.124694,8.348341,8.867142,9.253232,9.6809,8.057777,7.873591,7.684783,6.789526,7.616196,7.468603,7.716509,7.381683,9.087342,7.150472,7.698997,6.871738,7.198121,8.69605,9.674022,10.20602,9.899045,8.977659,10.09131,9.419456,9.407183,9.999642,7.824534,5.375298,5.66914,6.652914,6.349479,7.034682,6.814233,6.692227,5.944572,5.516866,5.599213,4.102407,5.034703,6.645553,4.481982,4.91962,4.812091,5.152093,3.821472,5.691494,3.664656,5.192709,4.281095,5.128399,5.148967,6.392363,4.655574,5.86278,6.020562,4.68131,4.475248,6.349924,5.62707,7.80061,6.387309,7.062951,6.155652,6.68007,6.556132,5.32267,5.985411,5.019228,7.214821,6.33169,5.916824,6.150777,5.816172,5.591032,6.090971,6.688741,5.113894,8.097835,7.303505,7.039447,7.391615,7.020963,6.589792,6.472258,6.631603,5.902021,6.963161,5.963983,5.747102,6.181427,7.316777,6.051024,6.834951,6.441163,6.439601,7.103424,5.880707,5.702244,5.151793,5.396204,5.273164,5.868207,5.679068,5.701651,5.61926,5.704592,5.24735,5.37441,5.355063,4.870559,4.9422,5.130557,6.130326,4.945769,5.878102,5.377087,5.365629,5.856123,6.637333,5.637334,6.844806,5.679332,5.970985,5.88956,5.982101,5.654928,5.260964
9/18/2025 0:03,8,10.61989,10.8881,11.27107,11.32643,11.91558,11.27311,12.12474,11.84927,10.29787,10.58014,7.365392,10.34131,10.11195,10.17337,10.33707,9.771654,8.866509,9.764373,9.911887,9.919251,10.90336,11.79247,11.17949,13.30103,11.96457,13.30279,12.76216,11.35409,12.64863,11.30177,0.8551178,10.85943,12.95375,12.06716,12.45848,11.54374,12.36387,11.31136,12.91729,11.04477,11.99626,11.77592,13.61061,12.95929,12.59227,11.37124,12.26317,11.38051,11.37927,10.7523,9.15604,10.43615,9.025935,8.991751,9.303928,10.0533,10.65709,9.222212,8.545331,8.071872,7.128752,8.249114,7.771486,8.148796,8.286266,9.573115,7.748424,8.5954,7.454621,7.595742,8.95139,10.09919,10.46223,10.26725,9.74176,10.49057,10.05341,9.97363,10.21875,8.284812,5.803708,6.112544,7.115432,6.946017,7.469014,7.243091,7.122991,6.411218,6.017809,5.918428,4.310848,5.143946,6.960709,4.81395,5.14097,5.170464,5.327096,3.891435,5.94918,3.822251,5.389359,4.435526,5.364174,5.606877,6.457234,5.0103,6.298894,6.464184,5.001972,4.525316,6.752788,6.062626,8.245722,6.71198,7.595442,6.568897,7.200877,6.978487,5.630794,6.326903,5.386048,7.815375,6.961518,6.622045,6.809655,6.327307,6.18344,6.469615,6.846077,5.316638,8.670827,7.772309,7.602958,7.791715,7.456141,7.211032,6.842867,7.402358,6.514594,7.679203,6.609587,6.298225,6.922321,8.219352,6.694051,7.620884,7.132215,7.315581,8.122164,6.521396,6.303394,5.661257,5.896957,5.787681,6.323996,6.24786,5.95737,6.259992,6.415574,5.693172,5.735387,5.581213,5.269141,5.452037,5.56399,6.758106,5.467801,6.320094,5.953275,5.700534,6.047273,7.245879,6.184327,7.374916,6.192028,6.476014,6.468057,6.717671,6.201995,5.821342
9/18/2025 4:03,12,11.42561,11.54982,12.35121,11.90302,12.39904,12.04871,12.82564,12.29189,11.27959,10.81086,8.094445,11.37711,9.989322,10.47168,11.63555,11.42701,10.10838,10.90755,10.46286,10.23556,11.08119,12.68322,12.14501,13.97318,13.00098,14.47989,14.04736,12.04373,13.55077,12.16498,1.891786,11.33571,13.32688,12.95583,13.13002,12.35744,12.88869,11.99741,13.96456,11.78411,12.35238,12.51632,14.01414,13.2397,13.04663,12.82613,13.38246,12.34118,12.24354,10.83142,9.787499,11.43772,9.794527,10.18672,10.4386,10.99021,11.39575,9.924312,9.22816,9.35496,7.347314,8.950841,8.341505,8.729929,8.674142,9.964252,8.242968,9.166979,7.857632,7.678878,9.228164,10.3473,10.90057,11.09354,10.09325,11.4027,10.51835,10.59865,10.75782,8.302596,6.021717,6.508374,7.785991,7.280507,8.006598,7.663991,7.598866,6.847557,6.527016,6.184442,4.578313,5.659136,7.471622,5.157669,5.617923,5.477772,5.873456,4.334244,6.493049,4.262977,6.005979,4.934948,5.813532,6.183553,7.374134,5.395679,6.848111,6.92269,5.604425,5.01525,7.388081,6.538129,9.022584,7.279809,8.482435,7.422748,7.729982,7.907214,6.136499,6.837743,5.777224,8.702962,7.395852,7.241831,7.583247,7.017204,6.681082,7.108076,7.554457,6.002673,9.452118,8.203957,8.218345,8.656393,8.805102,7.925693,7.568774,7.992575,6.97079,8.620394,7.459208,6.918936,7.645323,8.983343,7.330652,8.336361,7.951138,8.25629,8.885524,7.271549,6.882374,6.076728,6.374546,6.173359,6.75799,6.782731,6.288661,6.731697,6.812744,6.09596,6.327867,6.009627,5.856088,5.932185,6.168377,7.045587,6.062035,6.935045,6.498519,6.156805,6.570491,7.660054,6.507894,8.322123,6.997124,6.903758,7.02267,7.39243,6.613786,6.197611
9/18/2025 8:03,16,11.87208,11.93628,12.62818,12.63729,13.05279,12.742,13.45541,13.17714,11.52315,11.33375,8.647141,11.72039,10.15295,11.3827,12.59979,11.41736,11.59173,11.55677,11.35583,11.33898,12.09249,13.71416,13.09028,14.67566,14.48759,15.03551,15.02473,12.72886,14.56247,13.17019,2.339281,12.22536,14.19551,13.91324,14.15612,13.46935,14.20392,12.94891,15.29045,12.84368,13.03268,13.20285,14.96961,14.76363,13.59949,13.26072,14.64301,12.55532,12.76966,11.40054,10.26587,12.4705,10.60033,10.95275,10.96663,11.63451,12.52582,10.73728,10.08297,9.720109,7.813927,9.073687,8.737041,9.115868,9.288639,10.98322,8.948712,9.567492,8.77103,8.246545,9.675512,10.65564,11.51705,11.40024,10.73754,11.45932,11.1301,10.59944,11.29591,8.956491,6.430415,6.836661,8.157387,7.699285,8.328557,8.158837,7.990043,7.403329,6.783509,6.590991,4.933384,6.216953,8.305161,5.654677,6.336681,6.152157,6.564356,4.826411,7.28073,4.854719,6.590061,5.374403,6.440303,6.825356,8.208833,5.924448,7.643836,7.658828,5.984256,5.495368,8.143472,7.22245,9.909845,8.186843,9.453303,8.234975,8.543073,8.841002,6.881852,7.52284,6.227105,9.20514,8.22925,7.858635,8.044684,7.385031,7.355456,7.67675,8.161404,6.454592,10.11486,9.333571,8.963147,9.523151,9.464238,8.702227,8.306014,9.046277,7.906321,9.500618,8.061608,7.575989,7.982721,9.848169,7.894271,9.10936,8.724916,8.751805,9.447165,7.760289,7.095766,6.474271,6.768673,6.728834,7.126709,7.303238,6.720835,7.135708,7.629622,6.665523,6.762979,6.453109,6.395224,6.196457,6.670584,7.851983,6.63451,7.615903,7.123474,6.748877,6.98849,8.394771,7.209283,9.03753,7.589165,7.617689,7.742358,8.039742,7.326003,6.636325
9/18/2025 12:03,20,12.63479,12.48578,13.34322,13.38614,13.7168,13.36873,14.11722,14.29474,12.18964,12.22739,8.994205,12.16577,11.0399,12.80993,13.6598,12.31268,12.47352,12.10033,10.35563,12.5153,13.30573,14.60257,14.19878,15.4594,15.63626,16.50503,16.14759,14.09001,15.32788,14.11854,2.760072,12.81352,15.8912,14.77809,15.00793,14.31141,14.50821,13.74478,15.78233,13.71996,14.11201,14.87601,15.66271,16.03872,14.57818,13.97844,15.27811,13.23166,13.71993,12.70877,11.54821,13.25398,10.90737,11.76615,11.83569,13.04286,13.99078,12.01806,11.93977,12.10064,8.278936,9.989285,9.308766,10.12122,10.08522,11.4517,9.704556,11.8113,8.93357,8.69452,10.10876,11.69606,12.36133,11.63912,11.74107,11.85355,11.62416,11.27305,12.58712,8.994987,6.454742,7.177823,8.365343,8.191085,8.749828,8.305277,8.171109,7.516886,6.909637,6.815756,5.735981,6.873372,9.362101,6.222871,6.943708,6.663031,7.201396,5.239498,8.003364,5.357482,7.231411,5.648049,7.094903,7.442613,8.953033,6.388572,8.130645,8.268974,6.420414,5.957068,8.833148,7.882885,10.96209,9.055913,10.24486,8.860191,9.643005,9.858845,7.497168,8.399566,7.324586,10.19491,9.265692,9.519585,9.107388,8.263137,8.673806,8.272958,9.091842,7.127899,10.77013,10.98452,9.946918,9.994264,10.7037,9.779097,9.401567,10.06758,9.738925,10.12256,9.01131,8.272062,9.243556,11.57116,8.633936,9.756299,8.905864,9.694258,10.23016,8.675481,8.241817,6.834989,7.445469,8.062347,8.914315,7.876151,7.358881,7.939725,7.368814,7.201027,6.925113,7.726299,6.698479,6.517117,7.158584,8.92907,7.385921,8.118519,7.444166,7.527901,8.073287,9.439996,8.822028,9.866285,8.432261,9.542051,8.294341,8.626793,8.018313,7.311819
9/18/2025 16:03,24,12.95653,13.5135,14.34659,14.30307,14.49853,13.92659,15.31913,15.01302,12.38418,13.08349,10.08885,13.92879,11.23522,13.45402,14.22746,13.47236,13.20348,13.85725,11.8296,12.66742,13.96191,16.50097,15.21922,17.1237,16.69611,17.97971,17.17615,14.80171,16.65679,15.26111,1.640569,13.74665,16.97659,15.94082,16.24924,15.11765,15.68807,14.61995,16.84707,14.52066,15.14271,15.62296,17.11625,16.67227,15.31806,15.19464,17.27646,14.44304,14.7536,13.83215,11.8434,13.91434,11.99864,12.35215,12.90699,13.76787,14.62239,12.27258,11.75405,11.45845,9.041889,10.75558,10.1018,10.69324,10.47335,12.19623,10.70962,10.69064,9.780317,9.403612,11.0023,12.36379,12.74843,12.79881,12.20679,12.54557,12.70685,12.09238,13.23594,10.1589,7.142632,7.724363,8.817829,8.788482,9.43597,9.409148,8.354339,8.855239,7.578965,7.024348,6.1288,7.543963,10.0061,7.071622,7.571455,7.172348,8.126036,5.60922,8.463059,5.876988,7.650567,6.32441,7.510639,8.330602,9.653012,7.287097,9.014254,8.858038,6.776033,6.397683,9.551012,9.058966,11.69889,9.858062,11.56532,10.38437,10.29101,10.75774,8.470349,9.057512,7.51238,10.88574,9.684997,10.385,9.944321,9.103884,9.314157,8.879236,8.852716,7.429777,12.07765,11.69339,11.31503,10.84756,11.49074,10.63674,10.52944,11.08089,9.651215,10.96492,9.490764,9.059782,9.452592,11.08059,9.38772,10.31806,9.827969,10.05182,10.86553,9.586202,8.12421,7.404779,7.843714,7.469391,8.043643,8.277636,7.519855,8.390154,7.700627,7.663103,7.11339,7.896687,7.571973,6.930215,6.931355,9.486447,7.867265,8.567805,7.944038,7.831967,8.341388,9.827371,9.434294,11.263,9.084034,9.232584,9.294818,10.39192,8.602837,8.021253
9/18/2025 20:03,28,14.03688,14.24066,14.95638,15.19136,15.1153,15.94837,16.13733,15.70106,14.01871,13.90002,10.76376,14.40287,11.75628,14.50489,15.30003,14.15894,13.77841,13.69471,11.53226,13.62676,15.46007,17.61587,16.23611,18.12368,18.42575,19.08471,18.6808,16.81457,17.95084,16.49417,3.54753,14.37392,17.57168,16.99091,16.97825,16.20976,17.114,15.44802,18.45386,15.58907,15.58609,17.22184,17.68151,18.16055,16.89353,16.56874,18.28446,15.69128,15.87085,14.41032,12.85801,15.03403,12.95519,13.04175,13.81551,14.34351,15.74502,13.71829,13.77309,14.44311,9.469043,11.48554,10.43995,11.55859,10.88101,12.87337,11.63138,11.58812,10.57176,10.20703,11.46568,12.917,13.77375,13.57449,12.80617,12.79675,13.31386,12.84975,14.03995,10.67618,7.633382,8.619645,9.320295,9.198591,10.01618,9.806732,8.933469,9.179879,8.119195,7.597262,6.707664,8.093522,10.42302,7.686979,8.236575,7.602658,8.757608,6.05694,9.421542,6.182394,8.262313,7.012516,8.312861,8.837358,10.47393,8.304194,9.811971,9.710804,7.534634,6.865971,10.40773,10.10106,12.86582,10.61,12.56141,11.40102,11.13602,11.94911,9.538667,9.658061,8.318671,11.47933,10.21991,11.44169,10.42098,9.999519,10.90139,9.625858,9.483025,8.403996,12.72997,12.7854,11.94855,11.47788,12.40946,11.81666,11.89569,12.19489,10.72192,12.20378,10.64634,9.717421,10.35938,12.0666,10.43382,11.19991,10.55264,11.22894,11.81097,10.44136,8.980517,7.973835,8.580597,8.167834,8.89304,9.035451,8.082733,9.228606,8.627647,8.233979,7.767249,8.44714,8.188704,7.751143,7.665929,10.56395,8.711153,9.284407,8.796922,8.544176,8.955221,10.14964,10.3133,12.37826,9.979538,10.34216,10.06305,11.29994,9.304788,9.024371
9/19/2025 0:03,32,14.85237,14.60648,16.09302,15.9398,16.35518,17.55881,16.52187,16.90236,14.30018,14.4626,11.51942,14.87763,13.38465,14.91163,16.45719,14.59804,15.45363,15.13822,13.12983,15.05456,16.0396,18.9847,17.72537,20.27885,19.87447,19.99155,20.01342,17.95218,19.11375,18.06195,3.885301,16.32333,19.12964,18.2044,18.82323,17.56903,18.4987,16.13902,19.63976,16.81162,17.03401,18.39771,18.63995,19.20258,18.49546,17.63182,19.04044,16.44651,17.18848,15.45937,13.91262,16.34947,13.83651,14.45462,14.73528,15.57965,16.90629,15.04885,14.791,15.47163,10.3473,12.19276,11.36711,12.10044,11.83945,13.57289,12.39199,11.94664,11.27914,11.01376,12.34527,13.6746,13.97249,14.3156,13.52353,13.62047,13.88084,13.47644,14.7951,11.32839,8.194696,9.130599,10.12085,9.816849,10.54855,10.32215,9.410872,9.60915,8.686978,7.928268,7.097175,8.619429,11.19058,8.285862,8.532613,8.103042,9.177242,6.648156,10.06494,6.795672,8.746852,7.598565,8.807376,9.73175,11.20371,8.861979,10.56518,10.51143,7.999946,7.360633,11.27914,10.81658,13.6503,11.41535,13.66499,12.21092,11.90926,13.10308,10.22324,10.51154,8.943875,12.51205,11.25869,11.83696,11.03823,10.47008,11.17626,10.30682,9.741307,9.082619,13.91468,13.66325,13.24119,12.91007,13.23215,12.48349,12.8397,13.50329,11.97704,13.21619,11.65507,10.50618,10.99196,13.13198,11.46694,12.3289,11.36714,12.13498,13.24439,11.50797,9.647836,8.575389,9.212804,8.58844,9.249146,9.744398,8.604099,9.656727,9.148268,8.720187,8.235724,9.043334,8.930938,8.429987,8.077157,11.34249,9.368872,9.95306,9.830692,9.14463,9.45821,11.24939,11.11912,13.29914,10.56738,11.14862,10.67271,11.80021,10.13993,9.47246
9/19/2025 4:03,36,15.80654,15.71441,16.72552,17.07726,18.05176,18.77547,17.32117,17.95389,15.81935,15.50608,13.10323,16.6614,14.65599,15.96827,17.45506,15.46861,16.73374,17.16321,14.07671,16.72005,18.20225,20.0943,18.52462,21.88407,21.78857,21.87999,21.25619,19.38754,20.3166,19.13514,2.358029,17.43155,20.87453,19.88361,20.65166,19.11073,19.92588,17.59741,21.42755,18.1783,18.01999,19.9066,20.43213,20.44211,19.96176,18.64479,20.81248,17.70691,18.74525,16.19667,14.38948,17.45741,14.8735,15.56368,15.69057,17.05794,17.7408,16.06713,16.16681,16.5128,10.78694,13.20276,12.1113,12.95571,12.74856,14.59119,13.08422,13.18398,12.13284,11.68543,12.71808,14.19633,14.7246,14.75142,14.35698,14.46981,14.44842,14.00656,15.35522,12.0871,8.687493,9.756817,10.62034,10.18966,11.28688,11.12199,10.15849,10.16704,9.102035,8.462833,7.400467,9.358494,11.87929,8.943769,9.351016,8.822464,9.96481,7.086016,10.7792,7.246813,9.470454,7.822817,9.335948,10.4219,12.17494,9.438875,11.20598,11.16626,8.648885,7.84967,12.2335,11.62301,14.8755,12.48501,14.67168,12.9999,12.80828,14.20365,10.93966,11.45125,9.340416,13.54188,11.90695,12.95449,12.31194,11.06269,12.10864,10.99724,10.32286,9.639206,15.04028,14.78582,14.23576,14.04286,14.5101,13.57915,13.90151,14.21507,12.75914,14.45498,12.83494,11.41063,12.20059,13.94983,12.37985,13.38517,12.32615,13.07387,14.28957,12.55408,10.08064,8.873765,9.731155,9.02084,9.579544,10.13045,9.155223,10.24162,9.690015,9.266511,8.877638,9.704,9.533201,8.987473,8.661908,12.31648,9.956215,10.86683,10.33241,9.697898,10.23679,12.05008,11.96115,14.49675,11.26985,12.06366,11.38582,12.99447,10.72959,10.45572
9/19/2025 8:03,40,16.55032,16.90258,18.34236,18.30553,18.76077,19.7415,19.44583,19.26629,17.02051,17.00847,14.02652,18.35174,15.04203,18.07519,20.33773,17.78729,18.56601,18.53622,15.49641,18.31848,19.61064,22.20668,20.53714,22.98525,23.22,23.981,23.17701,21.10218,21.92627,21.62427,1.372057,18.79342,22.72639,21.63496,21.99739,20.48655,21.70777,18.92175,23.17591,19.82574,19.86491,21.13962,21.46039,21.86863,21.41908,20.24299,22.26418,19.20429,19.77225,17.49877,15.86902,18.11839,15.86787,17.27122,17.56603,18.32247,20.04416,17.62214,17.30483,17.36728,11.70782,14.18208,12.94314,14.17519,13.69262,15.27421,14.3172,14.084,13.12588,12.33735,13.2211,14.99516,15.75025,16.01621,15.05397,15.28038,15.66126,14.71408,16.62205,12.88795,9.054794,10.21614,11.46977,10.92809,11.75771,11.67263,10.4167,10.73855,9.635488,9.065397,8.304864,9.902769,12.96018,9.778913,10.15991,9.648244,10.71169,7.703161,11.83502,7.989038,10.20486,8.652046,10.03396,11.10965,13.02757,10.22897,12.16874,12.10614,9.473433,8.609941,13.16383,12.59124,15.96712,13.3,16.19385,14.01902,13.84346,15.1898,12.03406,12.50907,10.36191,14.44158,12.88366,13.66582,13.02251,12.38324,12.90596,11.61751,11.71631,10.28324,17.02105,16.33308,15.2584,15.2395,16.09655,15.44478,15.53249,16.09049,14.30515,15.73416,13.64425,12.34554,13.25194,15.07484,13.49093,14.28921,13.25502,14.05811,15.34357,13.51271,10.4337,9.455686,10.36645,9.571431,10.351,10.62022,9.850325,10.8662,10.39728,9.664422,9.596355,10.24861,10.55774,9.917131,9.494886,13.18871,10.9002,11.73349,11.5381,10.61789,11.34642,13.15186,13.37747,15.56611,12.51874,12.78525,12.78351,14.20038,11.66813,11.48799
9/19/2025 12:03,44,18.2823,18.45687,20.0639,19.78603,20.12408,21.84745,21.04072,21.02368,18.37524,18.40273,15.67997,19.53803,17.38559,20.55343,21.46932,19.40908,19.86088,19.97691,16.53456,20.28646,20.56085,24.38535,22.98569,26.26284,25.1398,26.17381,26.20952,23.08354,24.26149,23.77633,3.462688,20.16995,24.68659,23.74726,24.25564,22.22431,23.28411,20.51619,25.00201,21.31551,20.80294,22.90319,23.43238,23.99444,22.35751,22.1407,24.27913,20.51764,21.86277,19.50188,17.52339,20.16177,17.29513,18.51681,18.75545,20.15165,21.69457,19.12642,19.17735,19.1964,12.81367,15.17727,14.06851,15.12557,14.52398,16.48758,14.99478,15.1868,14.04535,13.49181,13.9225,16.29689,16.70049,16.9831,16.6746,16.37342,16.92664,15.83306,17.93347,14.00786,9.508872,11.04895,12.16003,11.81636,12.58235,12.31935,11.38768,11.52627,10.43775,9.557227,8.98156,10.71638,14.24929,10.6793,11.16458,10.82383,11.7096,8.358356,12.94061,8.981074,10.85816,9.358495,11.01907,11.92098,14.24814,11.15149,13.26734,12.90048,10.09195,9.319962,14.27459,13.84219,17.42235,14.74257,17.46016,15.55871,14.89983,16.57816,13.35786,13.54883,8.7081,11.49127,10.67736,11.24946,12.07991,10.2064,10.46215,10.1451,9.874055,8.934213,15.92382,14.30854,13.39204,14.72819,16.01952,13.63973,15.07595,16.14565,14.12867,14.69192,12.01385,11.23942,12.34106,15.60774,12.56245,13.02155,12.63672,13.25937,14.55672,11.6855,9.695592,8.91178,9.895442,10.29964,9.939154,9.793009,7.915545,10.16355,9.615626,9.193013,8.826822,9.601855,9.171255,10.28522,9.81674,12.45247,10.53148,11.72481,11.25351,9.536509,11.45444,12.46934,13.1276,14.89708,12.01393,12.465,11.79307,12.35709,11.70179,10.83678
9/19/2025 16:03,48,19.38561,19.53231,21.01963,19.91345,22.39158,21.79588,22.56475,21.77481,18.93121,19.02957,15.95353,20.73767,17.50823,20.04843,22.38898,21.9556,20.66367,22.51784,18.27099,23.46892,21.47012,24.05651,22.4891,24.25427,21.86791,26.22715,25.91794,22.78154,24.71157,22.63238,0.1173508,19.21525,22.50745,23.1258,23.6601,22.32321,22.45455,20.37995,24.36095,21.34569,20.07777,21.21067,23.22515,22.99495,22.59575,22.05187,23.66167,21.24935,21.85013,18.42434,17.195,20.45936,17.20671,19.24346,17.38246,20.64772,21.9186,19.4322,18.00563,17.49925,12.49139,14.74511,14.46317,14.05202,15.36569,16.76071,15.3869,16.22469,14.62324,14.33172,14.56027,16.24246,16.67078,16.62361,17.08896,16.37409,15.82985,15.62281,17.94858,13.30814,8.651005,10.71742,11.5437,12.05757,12.27936,12.6435,11.52862,11.66639,10.53725,9.507197,8.599969,11.60189,14.59937,10.88003,12.00326,12.03168,12.05638,8.617976,13.67164,9.694035,10.52996,9.408816,11.1339,12.02033,12.3767,10.61476,12.89817,12.99302,11.12493,9.466508,14.06487,13.31472,17.16134,15.48116,17.41852,15.557,14.23478,16.8283,13.00281,15.49183,10.7056,14.43133,13.57338,13.81578,14.62969,13.47266,12.62282,12.47132,12.44837,11.53527,17.05417,17.64941,16.1952,17.50931,17.81975,16.34878,16.71938,18.8844,16.22123,17.53467,13.07823,12.46608,13.56076,16.14248,14.1085,14.44248,13.71687,14.31222,16.51593,13.22928,10.37675,9.985047,10.76842,10.31207,11.21517,11.14267,8.951533,11.20628,11.17138,10.64343,9.829643,10.30594,10.57991,10.66471,10.7009,14.00799,12.52474,13.00489,13.13009,12.27693,12.6975,14.09709,15.02916,17.09263,14.00204,15.72935,13.85621,14.70951,13.42199,12.58079
9/19/2025 20:03,52,21.70512,21.7286,23.35782,21.67988,24.9061,23.76824,24.91628,24.00839,21.91484,21.70173,18.19428,23.59859,18.87739,21.85169,24.69984,23.34409,23.0514,24.43429,19.67227,24.84284,24.26927,26.65005,25.05999,27.10174,24.72378,29.69444,29.9094,25.86081,27.41043,25.48734,0.1542484,22.08627,26.28349,25.85872,26.59456,25.52876,25.63075,22.90004,27.65216,23.99457,21.83966,23.43664,25.24203,24.76019,25.20793,24.11024,25.83887,23.94808,23.78278,20.35934,19.04065,22.74214,19.98803,21.30815,19.71545,22.03581,23.91264,20.88585,19.94102,19.20514,13.83223,16.31026,15.89362,15.69987,17.29822,19.0539,16.65076,18.16112,15.99571,15.95566,15.93527,18.17037,18.59307,18.62676,18.71385,18.33306,17.46805,17.53962,19.55425,14.82771,9.759197,12.26815,13.22955,13.61066,13.6982,13.83225,12.99268,13.29795,11.93463,10.61052,9.698714,12.97873,16.00289,12.14167,13.52242,13.15143,13.56073,9.631248,14.88142,10.79029,11.36926,10.36515,12.29338,13.25205,13.6965,12.16554,14.5705,14.71631,12.35394,10.53624,15.42461,14.55473,18.99797,17.12258,19.56784,17.14437,15.8119,18.56966,14.55529,16.77874,12.39872,16.79408,14.76581,16.10023,16.49852,15.33164,14.07209,13.44732,14.41782,12.76048,18.58636,19.53074,17.83339,19.81251,19.98166,17.66785,18.7739,21.07461,17.89762,19.54622,13.89701,13.5681,14.97989,17.15188,15.44198,15.76797,15.05147,15.3625,17.88515,14.51416,11.58467,11.35211,11.79031,11.82974,12.19921,12.23856,10.41771,12.1796,12.52292,11.8942,10.76967,11.65105,11.60196,11.39701,11.50979,15.30879,14.11547,14.28272,14.66785,13.28616,13.92919,15.22581,17.31461,19.17076,15.74153,17.7075,15.63946,16.40809,14.76983,14.171
9/20/2025 0:03,56,23.59796,23.48536,25.39201,23.4214,26.77755,26.55354,27.1157,26.66793,22.57509,24.03412,20.27696,26.2488,19.43214,24.24584,26.12131,25.81672,25.80355,27.46046,22.01867,27.47587,25.92974,28.81588,26.83665,29.08507,25.91434,31.65353,32.9735,28.2468,30.56905,28.25628,0.1132965,24.02466,28.37463,29.17357,28.93633,27.88886,28.47503,25.47666,30.38566,26.53412,23.51093,25.54617,26.96365,27.26091,26.89439,25.65057,27.73308,25.96101,25.99043,22.40969,20.77437,24.99802,21.41711,23.08475,21.80569,24.33385,25.47313,23.111,21.9588,20.96328,14.7778,17.73414,17.00252,17.21141,18.52123,20.32047,17.96014,18.8716,17.2939,17.04451,17.23015,19.52041,19.98409,19.99404,20.23812,19.35315,18.8619,18.99334,20.91504,15.52788,10.82413,13.52563,14.5116,14.98583,15.11564,15.37083,14.11278,14.56813,13.06813,11.4582,10.4196,14.14968,17.76331,13.3267,14.27325,14.56783,14.97639,10.61498,16.38333,11.8098,12.28639,11.38485,13.43863,14.56771,14.86568,13.06318,15.67542,15.68577,13.49426,11.45395,16.90022,16.01573,20.47025,18.51253,20.90664,18.93298,17.35617,20.20748,15.75117,18.05347,13.90073,18.17602,16.60906,17.85064,17.65141,16.23104,15.69982,14.71825,15.68274,13.9518,19.85026,20.87367,18.89854,21.04915,21.69015,18.84776,20.30091,22.43825,19.64978,20.89587,15.40234,14.70149,16.28815,18.73507,16.89748,17.38124,16.52426,16.99269,19.24297,15.7287,12.5369,12.33619,12.64242,12.53359,13.44711,13.40368,10.89124,13.59882,13.38449,12.88764,11.48153,12.61917,12.47143,12.56802,12.76644,16.81653,15.72215,15.75548,15.84712,14.35352,14.85152,16.39516,18.39849,20.50149,17.25247,19.49149,17.10398,17.53135,16.11837,15.37784
9/20/2025 4:03,60,24.16092,24.17774,27.60251,25.96299,28.24035,27.84731,28.5023,28.42889,24.92411,23.99081,20.14904,28.2305,21.85265,26.39924,28.55125,29.65092,28.11072,28.85895,24.05319,28.71931,27.89183,30.92649,29.59641,33.3663,29.18325,35.94289,35.49681,30.80271,32.15876,30.33725,0.1075685,27.15899,31.09476,32.561,31.77154,30.74862,31.50224,27.92199,34.18921,29.26022,25.67646,26.79445,28.86673,29.57922,27.93991,28.05145,30.34482,26.8763,28.25461,23.74987,22.21143,27.14987,23.22426,24.63965,23.89802,26.28834,27.70929,24.86994,23.48268,22.94083,16.16012,19.31144,18.87114,18.5409,19.7384,21.75918,18.88675,22.13132,18.61905,18.61135,18.21434,20.63813,21.48337,21.28646,21.52402,21.30225,20.45345,20.98488,22.66779,16.86519,11.62453,14.19915,15.76506,15.75502,16.62572,16.31857,15.08863,15.07784,13.74794,12.62364,11.34471,15.31623,19.09608,14.06718,15.64218,15.61279,16.22555,11.3927,17.7825,12.52778,13.04531,12.41724,14.26398,15.44972,16.03489,14.04733,16.75655,16.88019,14.12546,12.45529,17.99718,17.52741,22.36688,20.31003,22.15282,20.40432,18.99161,21.81255,17.49822,19.39554,14.50984,20.11273,18.35483,18.57738,19.56328,17.07445,17.86366,15.88442,16.37376,15.36607,22.07978,22.4045,21.27981,23.00418,23.333,21.02438,21.208,24.20311,21.89514,22.54676,16.71798,16.08509,17.75347,19.89122,18.33183,19.07356,17.77975,18.3379,20.61311,17.24511,13.25224,12.40207,13.8621,13.2964,13.40935,14.49932,11.85206,14.39509,14.11085,13.78335,12.51972,12.94686,13.70776,13.8392,14.71433,18.40061,16.24025,16.8723,17.34533,14.22462,16.49822,17.9913,19.98012,21.78602,18.75358,19.75577,17.97332,18.54768,17.21031,16.86415
9/20/2025 8:03,64,27.30945,26.94898,30.36715,28.30335,31.68806,31.13617,31.55725,31.5148,27.41043,27.23151,22.0499,29.81189,24.37012,28.6137,31.84291,32.29776,30.65836,31.15721,25.40788,31.38552,31.06737,34.72288,32.22773,36.78332,32.21296,39.03295,40.0311,34.72743,37.85652,34.04211,0.1249386,29.88438,34.05461,36.32192,34.92683,34.06312,34.19065,31.35123,36.96077,32.43218,27.83226,29.76775,31.66101,31.72832,29.9013,29.79364,32.3673,30.07227,29.52187,25.288,24.01607,29.56016,25.41129,27.40068,26.49326,29.06617,31.05465,27.3853,25.87648,25.07907,17.2409,20.75189,19.85171,19.53366,21.54861,23.78878,20.42684,23.70558,20.46021,19.84641,19.52599,22.92274,23.11532,23.41455,23.58729,23.23609,22.98518,22.03787,24.56903,18.1655,12.88558,15.66438,17.06446,17.11604,17.63329,17.1119,16.29082,16.48444,15.4061,13.20224,12.52504,16.71492,20.71753,15.79212,17.65969,17.20966,17.93459,12.30796,19.36221,14.00566,14.69269,13.65001,15.56715,16.78345,17.76765,15.69793,18.34773,18.7665,15.91459,13.5039,19.48615,19.1942,24.72609,21.99192,24.95326,22.34344,20.77856,24.05384,19.22231,21.34447,16.04366,21.48585,19.50446,21.06359,21.43771,18.95221,20.31839,17.42304,17.94552,17.06314,24.60238,25.01923,23.10259,25.42831,25.65587,23.07837,23.53638,27.02314,24.48678,25.11346,18.50463,17.54241,19.48983,21.83373,20.19955,20.72114,19.23393,19.8093,22.63726,18.67942,14.33948,13.26105,15.10142,14.78119,14.47879,15.75324,12.9123,15.65612,15.36132,14.60971,14.24059,14.44534,15.28098,15.03708,16.22731,20.22045,18.02166,18.98118,19.18695,15.45252,18.03971,19.83895,22.10184,24.31625,21.04526,22.60191,20.77414,20.62611,19.4241,18.58078
9/20/2025 12:03,68,29.5215,29.84669,33.88329,31.39994,35.78197,34.57997,35.40072,34.87487,30.15495,28.9788,24.29389,32.36447,25.72404,31.60162,33.43549,33.65354,32.63737,33.76128,27.60645,33.63535,34.29122,39.12576,36.61442,40.21758,35.89991,42.91688,43.16363,38.65992,39.74704,37.33817,0.1359856,32.41399,37.41075,39.61332,38.33118,37.06663,37.65778,34.1043,40.76973,35.46323,30.14689,31.66231,34.50776,34.72376,32.31762,32.57498,35.07433,33.07537,32.54597,27.86744,27.04908,32.54272,28.55039,30.20042,29.06695,31.97457,33.66259,30.6082,28.29713,28.15098,18.50565,22.63959,21.61877,21.57936,23.82141,25.46496,22.93977,26.11367,21.89588,21.585,21.57116,24.49228,25.31538,24.96321,26.35329,25.07563,24.73032,24.27107,26.60825,19.60752,13.93886,16.86883,18.26455,18.32796,19.20514,18.83405,17.80048,17.99671,16.70179,14.65441,14.13796,18.58904,22.85194,17.47794,19.36748,19.13939,19.61555,13.88296,21.63688,15.58274,15.98746,15.16753,17.22993,18.58916,19.17568,17.47039,20.62909,20.50916,17.5337,15.01536,21.57302,21.44294,27.08974,24.09511,27.37115,24.66903,23.0426,26.6612,21.81915,23.45094,17.70267,23.55756,22.06939,23.46361,23.81664,21.24321,22.72502,19.22292,20.03371,18.79326,27.71672,27.65105,25.89377,28.4244,28.6371,26.34944,26.73232,29.6871,26.9535,27.50981,19.94161,18.87411,21.37968,23.474,21.9051,22.18997,21.12969,21.40998,24.51656,20.04047,15.59007,14.75886,16.32043,16.09224,15.76898,16.78173,13.8374,16.43429,16.78399,16.07234,15.52848,15.84262,17.16788,16.66802,18.16208,22.40415,19.94986,21.23108,21.68572,17.35361,20.27508,22.14302,24.78008,27.17927,23.97471,25.04867,22.88562,22.84957,22.06624,20.35629
9/20/2025 16:03,72,33.38702,32.96516,37.80429,35.20169,38.59301,39.09157,38.74284,38.7209,33.08774,32.00958,26.42163,34.61523,29.4906,34.05361,35.96574,37.13383,35.68308,36.42138,30.37322,35.64771,36.86386,43.10327,40.39802,44.93184,40.03007,46.3179,47.46421,42.21509,44.94503,40.78044,0.1328612,35.39291,40.79221,43.06537,42.33718,40.13941,42.39291,37.44098,44.55915,39.0327,33.03799,35.30474,37.39137,37.04405,35.73855,36.47999,37.85051,35.22271,35.77991,30.73548,29.33621,35.24509,30.88866,32.60426,32.84326,34.66152,36.7369,33.50894,30.48981,30.70091,20.59706,24.20591,23.80282,23.23222,25.46582,27.29268,24.54327,27.70455,23.84126,23.59287,23.22482,26.46306,27.58636,27.57877,28.47317,26.83257,26.39334,26.64332,28.70058,21.25957,14.92152,18.42624,19.6118,19.9313,20.94129,20.51705,19.14906,19.22109,17.8312,15.77375,15.2626,20.76226,25.18089,19.16594,21.49931,21.30759,21.45868,15.40059,23.71862,17.23766,17.76446,16.64804,18.92376,20.16209,20.99143,19.01299,22.64766,22.53757,19.55337,16.6107,23.82961,23.55251,29.88011,26.75528,30.09093,27.00913,25.17976,29.05908,23.71694,25.94536,19.57712,27.27253,24.52361,26.37176,26.5314,23.68328,25.352,21.38917,22.36682,21.34498,30.47738,30.52107,28.80008,31.47635,32.24707,28.7373,29.6512,32.81388,29.96494,30.77566,21.1419,20.58638,23.05915,25.22113,23.63832,23.86303,22.46761,23.0498,26.47049,21.7925,16.85287,15.66294,17.66562,17.32154,16.97355,18.54124,14.81896,17.79291,17.50513,17.16513,17.31093,17.90562,18.68834,18.56292,20.23332,24.62437,22.35643,23.53498,23.82477,19.20093,21.93725,24.08459,27.02357,29.6749,26.53091,27.9128,25.11767,25.42683,24.31074,23.09778
9/20/2025 20:03,76,36.16794,35.95881,41.76581,37.5479,42.09623,41.81453,42.63956,43.012,37.2963,35.77161,27.86043,37.02089,30.90878,35.44832,38.19871,40.18396,38.11069,38.64854,31.51142,39.26497,41.50287,47.43645,43.60825,48.97217,42.31159,50.58905,52.27327,46.09707,48.6244,45.60312,0.1417508,38.48108,44.91053,47.03915,45.77737,44.62711,45.89073,41.15873,48.23772,42.16176,35.47088,37.58139,39.93916,40.806,39.74595,39.9809,41.68616,38.26022,38.73177,32.15791,32.59056,37.93689,34.23342,35.70946,35.16667,37.40332,40.72744,36.9415,34.53404,33.27562,21.80208,26.06995,25.80304,25.23846,27.45236,29.70633,26.51586,30.30422,26.14453,25.42897,24.87956,28.54619,29.01922,29.5181,30.60776,29.26822,28.18738,28.24375,30.49607,22.79696,16.45989,19.82801,21.15502,21.78223,22.59746,21.9921,20.38459,21.03126,19.53382,17.09178,17.26014,22.5836,27.48064,21.12847,23.781,23.43572,23.8895,16.98426,26.40401,18.91841,19.15258,18.389,21.00988,21.99701,22.67925,20.72037,24.66629,24.50062,20.91708,18.29205,25.84554,26.10755,32.41088,28.97024,32.90108,29.61913,27.93884,31.7845,26.36578,28.50255,22.14589,30.22107,27.30688,29.6157,29.41521,26.04158,28.0851,24.15635,25.15449,24.39637,33.55757,34.15736,31.45168,34.12989,35.75635,31.8408,32.7772,36.49576,33.58379,34.07961,23.07383,22.37265,24.69601,27.08815,25.38059,26.04634,24.51417,24.49169,28.69641,23.60025,18.11722,16.93375,18.85164,18.78033,18.29062,19.31917,16.27781,19.31814,19.07801,18.41373,18.94629,19.56845,20.68082,19.9714,22.36218,26.74231,24.41246,25.72034,26.30834,21.08743,23.94025,26.64131,29.54172,32.19434,29.15985,30.32353,27.73603,28.03164,26.63727,25.36226
9/21/2025 0:03,80,39.31628,38.48901,45.13784,40.09705,46.04812,44.96133,46.76605,46.51227,40.28424,38.87938,30.28419,40.3956,33.79043,38.87024,40.58672,43.39814,43.27563,41.82493,34.1769,41.80177,44.79107,51.90726,47.77286,52.246,46.51397,53.43705,56.14576,50.0601,52.35971,47.56277,0.1267612,42.15847,49.02475,51.38341,49.84807,49.1044,50.61372,45.61983,52.79631,46.5689,38.32589,40.78264,42.95586,44.22023,42.5485,42.6751,44.46968,41.12855,41.83932,36.36852,34.96027,40.82631,36.58376,38.80996,38.72233,40.58667,44.55136,39.47425,36.53913,36.67891,23.98384,28.30285,28.08337,27.50308,29.42164,31.71241,28.41983,31.75027,27.8293,27.35516,26.20301,30.44727,31.35733,32.10212,32.67805,30.44961,30.78666,29.95135,32.65994,24.5951,17.81628,21.38095,22.79067,23.04195,24.04818,23.46699,21.85283,22.60164,21.08493,18.86401,18.62241,25.17309,30.1598,23.14834,26.39745,25.62072,26.35536,18.8443,29.61265,21.18213,20.79965,19.91178,22.61686,23.68081,24.75869,22.54949,26.6673,26.79392,22.68087,19.86304,28.25351,28.68982,35.16681,31.61048,35.56888,32.33198,30.37737,34.53336,28.94864,30.71571,25.2976,33.09664,30.49732,32.57699,32.26316,29.20433,30.72126,26.43218,27.1562,26.53884,36.58075,37.35235,34.30907,37.95681,39.37157,34.64714,36.0752,39.16477,36.92744,37.50462,24.98139,24.38032,26.74995,29.43128,27.54596,27.94246,26.33934,26.63049,31.00094,25.17055,18.91509,18.25484,20.38094,20.05989,19.60384,20.97433,17.2538,20.70452,20.3446,20.20309,20.79005,20.9818,22.35988,22.19744,24.26704,29.36025,26.79024,28.1954,28.48582,23.5509,26.78927,29.24767,31.92771,35.0698,31.65465,33.06258,30.5312,30.82141,29.24105,27.60039
9/21/2025 4:03,84,43.65422,42.03751,49.20055,44.07899,50.45607,49.56245,49.92151,49.74726,43.27375,42.8275,32.75243,42.55959,36.36405,41.62656,44.33949,45.59583,44.23902,43.75689,37.42281,43.98391,49.34902,54.68018,50.99458,58.14398,50.76813,57.53098,60.03345,54.14056,56.44884,52.87442,0.129402,46.35816,53.76449,56.60733,54.3865,53.84361,53.92113,49.75905,56.22692,50.39131,40.73579,43.89594,46.79124,47.89705,44.74317,45.92758,48.9331,43.76355,44.46901,39.40204,37.6429,43.96104,40.39634,42.31415,41.58554,44.17995,47.49983,43.22607,39.49574,40.23016,25.5768,30.24358,29.8427,29.23366,31.82149,33.77361,30.34911,34.19426,30.10337,29.15085,28.18103,32.29212,33.86736,34.2947,34.89268,33.3875,32.38019,31.95313,35.01974,25.90325,18.73096,22.33323,24.97965,24.85979,25.92239,25.16956,23.5756,24.07461,22.58052,20.138,20.54342,27.12299,32.77242,25.29789,28.34192,27.95601,28.97528,20.64523,31.56391,22.90643,22.26471,21.57454,24.69408,25.74367,26.7411,24.39557,28.91983,28.98195,24.93327,21.67925,30.7208,30.7058,38.07632,34.52527,38.47852,34.89319,33.27659,37.85915,31.77573,33.52062,27.74858,35.89256,33.36621,35.29499,35.02599,31.69548,33.93917,29.18113,29.58405,29.31389,39.90536,40.72942,37.91953,41.39411,43.03253,38.35711,40.16393,42.62524,39.94584,40.68244,26.93746,26.17083,28.91482,31.6506,29.37274,31.01102,28.84414,28.64458,33.48459,27.43041,20.91989,19.6327,22.10414,21.73893,21.14082,22.56438,19.1113,22.83053,22.18869,21.4746,22.85495,22.99331,24.71158,24.25971,26.98752,31.79671,29.22794,30.76707,31.38529,25.4916,28.76625,31.48178,34.68404,38.11937,34.58514,35.46884,33.35604,33.16477,31.97711,31.06145
9/21/2025 8:03,88,47.24178,45.59026,52.99974,47.59019,54.12095,53.29061,54.03317,54.51467,48.08083,46.00635,34.55751,45.40068,38.07358,44.10191,47.20678,47.40136,47.0126,46.23893,40.2242,48.04934,52.34381,58.68403,54.46816,62.51425,53.53064,62.17273,63.97273,57.9343,60.70291,55.49196,0.1330844,50.60215,58.35405,61.62728,59.57428,58.42984,58.09132,53.72483,61.24709,53.92573,43.45227,46.87066,50.37643,50.27012,47.85027,48.58004,51.83038,46.71148,47.38148,42.03036,40.85009,47.61858,44.06018,45.81716,45.82676,47.26336,51.84909,46.77515,43.18652,43.34376,27.56137,33.01525,31.84252,31.2475,33.93569,36.7654,32.49594,36.22701,31.99812,31.26176,30.0596,34.40269,35.17362,36.67489,37.28871,35.42636,35.29871,34.38055,37.67073,27.85473,20.31447,24.31441,26.21108,26.64465,27.70759,27.05042,25.10466,25.42078,24.71838,21.51656,22.90705,29.95524,35.35795,27.61531,31.30646,30.50817,32.46488,22.70205,34.2989,25.40515,24.39815,23.86198,26.7357,27.85343,29.32114,26.33663,31.43739,31.22379,26.59254,23.50706,33.01931,33.77641,41.19725,37.6476,41.4707,37.97112,36.15344,40.25896,34.82432,36.01135,30.67413,39.75135,36.54625,38.5654,38.63855,35.52231,36.66101,32.21992,32.43155,32.57222,43.76225,44.75613,41.70258,45.63173,47.21341,42.29114,44.69976,45.99993,43.75654,44.66123,29.00739,28.20187,31.25907,34.01393,31.63986,33.32535,30.97594,30.922,36.22267,29.11139,22.28902,21.1481,24.0449,23.09654,22.99432,24.57667,20.48157,24.19549,23.76862,22.84409,25.1334,24.55679,27.27589,26.97026,29.46698,34.90925,32.54268,33.97655,34.25167,28.41898,31.34272,34.89302,38.41402,41.0487,37.73556,39.20826,36.70856,36.37598,35.02868,33.67438
9/21/2025 12:03,92,50.60049,50.56666,57.35494,52.46516,59.11975,57.76904,59.7737,59.68463,51.54192,50.68805,39.44754,48.85154,42.4363,46.44725,50.02289,53.07527,50.7263,49.97514,44.02267,51.60579,57.10139,63.75162,59.08551,66.14352,57.77784,67.23595,67.9929,62.36123,65.10187,60.36005,0.1262033,55.20976,62.63099,65.69674,63.31005,62.99713,62.68452,58.27679,65.40596,58.99134,46.64759,50.44265,53.55879,54.39237,51.39114,52.95555,54.55752,50.6568,50.65159,44.56273,43.73118,50.76262,47.30947,48.81198,49.78115,51.3556,55.51509,50.45559,46.89876,47.02185,29.46764,35.04183,34.40385,34.17946,36.24904,38.96345,34.68927,38.73907,34.7141,33.45054,31.99574,36.77444,37.51934,39.46985,39.61333,37.41036,37.57405,36.65638,40.12095,29.46689,21.57236,25.86255,27.81943,28.5697,29.74087,28.89726,27.18755,27.52737,26.2932,23.08821,25.35585,32.90335,38.69994,30.30484,34.03288,34.28458,35.08339,25.50741,37.35079,28.07482,26.42447,25.77475,29.33217,30.4764,31.28328,29.42833,33.96523,34.06306,29.12062,25.8504,36.20733,36.57142,44.453,41.05343,44.99812,40.98213,39.65083,43.48206,37.48148,39.05549,34.02582,44.27685,40.80026,42.01389,42.71602,38.63262,40.46519,35.18247,35.58857,35.91914,47.67852,49.4305,45.34737,50.43972,51.22348,47.349,48.50689,50.62757,47.94693,49.11355,30.97913,30.15135,33.41048,36.73969,34.16728,35.25108,33.37756,33.51536,38.98116,31.67661,23.88835,22.71586,25.1864,24.6712,24.67924,26.47603,22.18609,26.38572,25.27471,24.50355,27.14658,27.32314,29.98085,29.49641,32.44538,37.77655,35.18829,37.17913,37.91168,31.03235,33.95495,38.0574,41.34333,44.43877,41.3964,42.3233,39.63163,39.77271,37.87118,36.88107
9/21/2025 16:03,96,54.18039,55.84917,61.88334,57.22159,63.67349,62.62198,64.19844,63.98294,55.9106,54.59661,40.96587,51.09515,45.40975,50.42263,53.10443,56.69005,54.41144,52.70418,45.51507,54.20147,60.28187,67.83934,63.99224,71.04003,61.69045,71.35909,71.45276,67.38219,67.19693,63.90557,0.1159002,59.38591,67.72764,70.94769,67.29554,67.41235,67.50948,62.84276,70.06094,63.95064,49.6947,53.4337,57.03953,57.45502,54.95964,56.6464,58.33884,53.54494,54.18322,48.22872,48.17744,54.38733,50.93934,53.52224,53.86001,55.53905,59.1073,55.10404,50.74829,50.2178,31.98145,37.78097,36.76788,36.2759,39.18203,42.12896,37.05261,42.41889,36.86287,36.1928,34.66919,39.93286,39.76196,42.18126,42.28909,40.43688,40.34738,39.10386,42.31643,32.10037,23.24532,27.82567,29.83299,30.81449,31.59787,31.10086,29.26148,29.23561,28.19671,24.7103,27.92258,36.1081,41.88957,33.71453,37.43029,37.66152,38.18097,28.12513,41.20567,30.72259,28.69724,28.08878,31.87531,33.03707,34.50276,32.19019,36.92854,36.7953,31.57175,28.46712,39.12948,39.39725,47.81578,44.30534,48.24022,44.68474,42.89895,47.30958,41.00204,42.38264,36.96947,47.86435,44.87232,46.61351,46.30112,42.56243,43.85603,38.85994,38.91296,40.07349,52.33794,54.59898,49.74474,55.30467,56.07961,51.97684,53.76445,55.45548,52.7014,54.11406,33.30098,32.25685,36.72295,39.2043,37.04676,37.32254,36.1873,35.76756,41.77134,33.78323,25.44039,24.15316,27.80324,26.29902,26.67832,28.21222,24.01901,27.59704,27.54119,26.27548,30.072,29.66076,32.54787,32.53616,35.79133,40.9514,38.57567,41.10966,40.83849,33.76013,37.25487,40.96849,44.49145,47.7211,45.46568,45.92464,43.07588,43.61279,41.99378,40.15665
9/21/2025 20:03,100,59.82859,59.64861,66.62655,61.52665,69.14422,67.47884,69.42071,68.63062,60.58755,58.94508,44.11276,54.37905,48.96428,52.25483,56.19285,60.60765,57.45292,54.1868,49.27757,58.67175,63.28847,71.86585,68.55217,74.98939,67.21002,74.58182,74.60303,70.62534,71.63948,67.12553,0.1169416,65.08528,72.16941,76.2595,72.36053,72.61057,72.33635,67.36149,74.49567,68.16737,52.3877,57.3772,60.25612,62.48188,58.17866,60.45158,60.35609,56.79609,56.61845,50.55616,51.56211,59.01519,54.85054,58.12437,57.88169,59.61374,64.39838,59.67996,54.5602,54.70889,33.87675,39.84982,39.72183,38.98601,41.60699,44.93074,39.35566,44.60814,39.42109,38.38265,36.28078,43.11018,42.5359,44.99785,44.59924,42.73388,43.0074,42.22405,45.14246,33.74137,24.69005,29.54243,32.19625,32.94818,33.90239,33.0234,31.30701,31.73917,30.05313,26.17551,30.77857,39.96421,45.10928,36.90807,41.36394,41.02594,42.17342,31.05488,44.98153,33.62209,30.84156,30.67614,34.43648,35.97115,37.48571,35.49852,39.95501,39.85244,34.74528,31.07044,42.4918,42.83935,51.62313,48.16674,52.08957,48.14679,46.22879,50.98524,44.69596,45.54473,40.44504,53.05993,49.42022,49.82399,50.39446,46.50153,48.60633,41.67973,42.76394,43.85795,56.84291,58.51842,54.09189,59.73976,60.26001,56.493,57.77649,58.40405,57.52755,58.77587,36.10851,35.09581,39.24765,42.35261,39.82568,40.75087,38.33032,38.61526,44.784,36.12318,27.10555,25.98032,29.75095,29.01136,28.50145,30.53851,25.64348,30.21677,29.64042,28.12394,32.74184,32.4118,35.81515,35.57201,39.5889,44.47006,42.14275,44.85976,44.75605,36.75724,40.04967,44.24016,48.18929,51.46235,48.51917,49.10522,46.42617,47.65772,46.01715,43.8817
9/22/2025 0:03,104,63.66579,64.799,71.03809,66.91472,72.76666,71.92564,74.88487,72.89406,65.05507,62.65736,47.32423,59.55077,52.403,56.49195,59.03617,62.75741,59.32219,58.23757,51.18283,60.36493,66.79456,74.66155,72.05659,78.25583,70.7623,77.59618,78.12299,74.00168,75.75649,70.87144,0.12996,69.63818,76.41263,80.68025,76.54861,77.15121,76.29832,71.8894,77.87587,72.0928,56.35527,60.76327,64.78545,65.14784,60.60382,63.94972,64.15289,60.0183,60.51425,52.7057,54.63023,62.04531,58.22472,62.0039,62.30632,63.51375,67.08611,64.60722,59.62729,57.85668,36.2747,42.45728,42.69296,41.21096,44.66892,47.56449,42.97633,47.26118,42.09747,40.75882,38.72701,45.62214,45.80354,48.52711,47.512,45.50983,46.27879,44.91057,48.08787,35.71953,26.96194,31.96216,34.70808,35.11992,36.55639,35.90704,33.77155,33.93001,32.85558,28.38143,33.389,43.38876,48.41671,40.09753,44.87379,44.60246,46.1889,34.55034,49.15212,37.18294,33.47039,33.11071,37.33565,38.70871,40.69124,38.17921,43.19682,42.95374,37.42903,33.22663,45.64981,46.35797,55.14646,51.88971,55.47965,52.1402,50.76151,54.51935,48.06377,49.0602,44.66254,56.98105,53.29554,52.92806,54.36944,50.32131,51.37988,44.77713,46.14537,46.90911,61.60517,63.43593,57.72601,64.92837,64.43512,60.52465,62.82578,62.65567,61.78539,63.18552,38.44848,38.00145,41.97416,45.17918,42.47388,43.62366,41.43543,41.50605,48.37489,38.48995,29.11781,27.89202,31.56833,31.04633,31.00144,32.70091,27.58928,32.02813,31.80947,30.24702,35.27276,35.37392,38.85663,38.67094,43.46062,47.77346,45.37177,48.64018,47.91932,40.12187,43.06309,47.31432,51.89638,54.77247,52.24344,52.58506,50.25188,51.18197,49.7269,47.56565
9/22/2025 4:03,108,67.43008,69.38387,75.36812,70.9955,76.56493,75.59475,79.64337,76.90776,69.6973,66.28884,49.89613,62.20345,55.34704,60.60295,61.41511,67.1446,63.29802,61.28569,54.83829,64.78384,69.22793,77.25552,75.39221,80.77047,73.32889,81.08852,80.50857,77.33482,78.49676,72.89407,0.1458423,74.22782,80.6767,84.58363,80.18319,80.82694,79.61488,76.04012,81.52119,76.59052,57.47462,62.65653,67.94897,68.34216,64.35103,66.50676,67.42559,62.95737,62.95817,56.79749,58.02234,66.27293,62.56744,65.82301,65.81886,67.8507,71.35164,68.09293,63.39175,61.31821,38.80435,45.31754,45.65108,44.11593,47.87752,50.54201,45.25023,50.91911,44.14318,43.02166,40.90454,48.44513,48.09765,51.35931,50.00847,48.55315,48.23116,47.65097,51.0274,38.28741,28.46778,33.80695,36.99286,37.92715,38.91888,37.79832,35.7718,36.2063,35.5991,30.25963,36.97089,46.66562,52.14897,43.69468,49.01191,48.54745,50.78896,37.33411,52.52948,40.32897,35.70184,35.70979,40.42205,41.47578,43.21717,41.38764,46.41808,45.58895,40.38689,36.05976,48.59521,49.7674,58.38224,55.97772,58.96588,55.82465,54.65057,58.41863,52.09013,52.50048,48.85918,61.49178,57.36731,56.435,57.96756,54.05902,55.50353,47.84925,49.73768,51.16294,65.66103,68.65413,62.17628,69.34413,68.89183,65.24959,66.71789,65.99904,66.16601,67.73056,41.17436,40.28117,44.2678,48.66225,45.67893,46.41124,44.74924,43.31001,51.33885,41.60289,31.07483,29.83444,34.54949,33.35462,33.35686,35.485,29.7417,34.82875,33.36592,32.48584,38.49646,38.32598,42.3541,42.3029,46.52307,51.38393,48.81366,52.47148,51.55995,42.69808,46.52986,51.09963,55.38385,58.10448,55.81804,56.39343,53.50741,55.07078,52.98529,51.5752
9/22/2025 8:03,112,71.5819,72.42803,77.8511,75.24064,79.70512,78.00865,81.97725,79.84136,72.08098,70.0571,53.39828,64.75535,58.27863,62.04431,64.00948,70.14566,66.99075,64.02422,59.01524,67.15308,72.41311,80.5051,77.72373,83.43238,75.2826,83.27624,83.21712,79.20758,81.11989,75.32137,0.1038489,77.78132,83.8915,87.59251,82.89318,84.75777,83.41946,79.9288,84.54468,79.82188,61.33951,66.30385,71.68836,71.82047,68.3977,69.95128,69.79272,66.5826,66.62993,60.22265,62.18069,68.93401,66.43371,69.96122,70.48827,71.30322,75.68317,71.81129,67.45855,65.32106,42.05269,47.64907,48.23272,47.19359,50.42017,53.53495,48.18794,53.32386,47.3965,46.23051,43.02088,51.11252,51.28955,53.89265,53.38456,51.20529,51.6579,50.96166,53.64175,41.16655,30.07252,36.48155,39.61219,40.0782,42.00329,40.66946,38.19926,38.50541,37.92723,32.65445,40.56634,50.63152,55.58725,47.19168,52.61674,52.43881,54.93982,41.95818,56.79887,43.86523,38.31584,38.24758,43.92514,44.60783,45.87762,44.85259,49.10906,49.39297,43.23853,39.09149,51.5363,53.37831,62.41371,59.02539,62.73197,59.61026,58.94821,61.83667,55.52148,56.23869,51.99875,66.71565,61.6173,59.98875,61.83205,58.51426,59.30676,51.50627,53.55788,54.72966,69.68678,73.31132,65.69827,74.53901,72.32189,70.04261,71.68339,70.72589,70.55186,71.4101,43.16673,43.49762,47.7081,51.95086,48.74846,50.04251,47.565,46.49583,54.64653,44.44326,33.59211,32.03888,36.74245,36.13414,35.92824,37.97331,31.96036,37.46148,35.93691,34.91069,41.64728,41.43642,45.71503,46.24583,50.41866,54.59675,53.24601,56.44481,55.1881,46.69308,49.88899,53.69533,59.07991,61.20351,59.50036,59.48461,57.36413,57.68138,56.94994,55.58742
9/22/2025 12:03,116,75.50983,76.09356,81.33585,79.8018,83.05875,81.46996,85.47377,81.66321,75.2145,73.86326,56.41089,68.25355,64.4775,66.58496,67.81912,71.61226,70.04603,66.36684,63.55906,69.70534,75.29123,83.03153,79.96474,85.05396,78.74055,85.25933,85.85625,81.58064,82.81169,78.92984,0.1206983,81.60144,86.91054,90.64249,86.12419,88.10793,86.26292,82.92332,87.90076,83.02644,64.03964,70.14558,74.26654,74.61075,70.87541,73.47663,73.10063,69.96213,69.52605,63.65362,65.81686,72.46488,70.28252,73.51071,74.07098,75.27728,78.56496,76.38898,71.87831,69.04263,43.91875,50.43914,50.54253,49.90898,53.86911,56.15545,50.98458,55.90944,49.85204,48.59542,45.66054,54.14249,54.05073,57.427,57.04298,54.58744,54.23964,53.24949,56.85828,42.61386,32.2702,38.77235,41.53352,42.8634,44.55548,42.91726,40.5164,41.38518,40.10445,34.38802,43.9021,55.14769,59.65078,51.02641,56.83543,57.4144,59.18663,44.85408,60.99127,47.40967,40.93018,41.32539,47.18947,47.92523,49.44065,47.88475,52.40839,53.13259,46.78482,41.94267,55.27635,57.08026,65.65327,63.48926,66.01577,63.2246,62.92899,65.48115,59.26981,60.02788,56.04379,71.81376,66.49202,64.21371,65.96201,63.1717,63.84402,55.68887,57.22849,58.33361,74.10219,77.38352,70.2108,78.45947,76.03458,73.66029,75.67609,73.77829,75.07079,75.18336,46.58095,45.90983,50.3967,54.62981,52.24221,52.81845,51.36878,49.69606,57.87516,47.02559,36.01175,34.24254,39.59834,38.78233,38.74873,40.45681,34.85238,39.73046,38.28044,37.53614,45.13877,44.80666,49.88875,49.34069,54.59524,58.48159,57.25965,60.42852,58.77728,49.63947,53.52544,58.24355,63.11073,64.6844,63.23655,63.77404,61.38559,61.81189,61.29836,59.45162
9/22/2025 16:03,120,78.18391,79.79094,85.08874,82.05432,84.86689,84.30554,87.1578,83.72455,78.03802,76.20248,60.40521,72.12832,65.93464,69.96847,70.60172,75.41111,71.6946,68.59048,65.52297,73.49291,75.95988,85.28325,83.4122,87.30541,79.97873,87.2819,87.16814,83.72911,85.791,81.1097,0.1367295,85.05289,89.91405,93.19337,88.23591,90.26215,88.70068,86.76147,90.30573,85.92062,67.00623,72.82724,76.80146,78.27757,73.46562,75.86417,74.45465,73.56426,71.84122,65.95476,69.44059,75.90352,73.52052,76.97091,77.20074,78.27042,81.816,79.43988,74.89913,72.38293,47.181,53.26054,53.51848,53.05839,57.07361,59.67059,53.97917,59.4677,52.56123,50.79007,48.42221,57.25487,57.73259,60.62746,59.42289,57.57224,57.25827,56.43283,59.37685,44.70222,34.82915,41.49709,44.52275,45.31522,47.22307,46.07406,42.91204,43.43496,43.30269,36.21494,47.57129,59.32064,63.57026,54.90143,60.93061,61.69571,62.81942,49.92716,65.04595,51.35789,44.04314,44.81376,50.89833,51.44093,53.02683,51.39877,55.62382,56.24734,50.03092,45.0087,58.15274,60.92615,69.30131,67.14892,69.60464,67.22847,67.31792,69.35555,62.87343,63.25732,59.92589,77.00511,70.60919,68.77673,69.52992,66.67298,67.10056,58.25385,60.87115,62.85957,78.20397,81.55443,73.90347,82.62292,79.48093,77.74352,79.75543,78.1659,78.73314,78.07161,48.71188,49.09793,53.72411,57.72245,54.87532,56.48249,54.24658,52.85571,61.39944,49.67085,37.74391,36.47715,42.05008,41.40572,41.68932,42.68251,37.44893,41.79839,40.38759,40.08902,48.06956,48.08548,52.83986,53.30641,58.05677,62.32446,60.76821,64.47479,62.57345,53.43874,57.18695,61.88533,66.79124,67.72503,66.78513,67.20947,65.42754,65.49326,65.18715,63.53958
9/22/2025 20:03,124,81.6641,82.54505,86.77582,84.77284,87.57683,85.87453,89.77965,86.2916,80.03671,79.00809,61.40395,74.28046,69.73225,72.02077,72.31487,79.48265,74.05116,70.85399,67.48862,73.65865,79.82717,86.8251,85.87385,88.49445,81.90986,88.24232,88.81725,84.966,87.34313,82.95698,0.1190618,88.64032,91.65164,94.92274,91.11877,92.45291,90.54015,89.41729,92.29321,88.81715,69.98582,75.32589,78.3952,80.09771,75.32794,78.42772,77.17178,74.50228,74.28472,67.67526,73.24698,78.70002,76.64487,80.53313,80.15636,80.84631,85.07019,82.63793,77.94135,75.36921,49.84579,55.84228,56.93465,56.25802,60.11285,62.41683,56.69557,62.15761,55.61213,53.74814,51.45567,60.22639,59.84334,64.15953,62.03382,60.68156,59.4052,59.50296,62.07275,46.9254,36.80114,43.82339,46.67234,47.74896,50.31131,48.91416,46.29822,46.24241,45.56591,38.41914,51.62959,63.4637,66.73997,59.38161,65.21916,65.79404,67.04391,54.11663,69.12545,54.92381,46.9586,47.7915,53.90456,54.38372,56.26862,54.89345,59.16293,59.92126,53.16693,47.95517,61.68235,63.92693,72.69642,70.80171,73.5521,70.96679,70.76038,72.40443,66.42226,67.52477,64.24529,81.29597,74.97946,71.78448,72.55313,70.54786,70.74226,61.85873,65.07134,66.55025,82.52089,85.51432,76.70047,85.81511,82.3549,81.27317,83.61177,80.66424,82.00072,81.46984,51.3808,51.96888,56.63785,60.70901,58.33717,58.95588,57.96723,55.79824,65.03815,52.06857,39.81249,38.79175,44.88248,43.87296,44.21531,45.59954,39.73323,44.42587,42.76146,41.85867,51.68785,51.56375,57.64734,56.60248,62.38382,65.52036,64.78116,67.59797,66.53432,56.56839,60.46919,64.1046,70.20205,71.18579,70.3678,70.55047,68.17919,69.87753,69.41106,67.5223
9/23/2025 0:03,128,83.42949,85.44779,89.40174,88.09263,89.62238,88.0159,92.59768,88.52663,83.72983,82.32145,65.16892,76.93214,71.44477,74.24821,74.77174,80.27621,78.55074,74.30779,70.77634,75.97355,81.4069,88.17147,87.26898,90.20771,83.95721,90.35987,90.70858,87.89333,88.39145,85.10796,0.1098746,91.27409,93.72794,96.51254,92.69193,94.03107,92.95815,91.92418,94.27968,91.37483,71.56869,78.5248,81.67886,82.23225,77.74146,80.88715,79.22123,76.71214,76.55837,70.87476,75.67822,81.29034,79.2366,83.41617,83.73019,84.10059,87.49828,85.34643,80.65833,78.47394,52.94089,58.67892,60.521,60.18729,63.05516,65.85929,59.88918,65.85593,58.72112,57.05265,53.56365,62.69501,63.01774,66.18319,64.94538,62.73218,62.44334,62.39321,65.17001,48.83894,38.69918,46.54482,49.05573,50.61397,53.01772,52.03207,49.15369,49.49869,48.58629,40.8096,55.35584,67.30124,70.12878,63.38519,69.53698,70.37007,70.94272,58.11973,73.20647,59.14525,49.52158,51.25685,56.89405,58.09174,59.69316,58.08454,62.40395,63.2252,56.68526,51.36569,64.99085,67.79289,75.97299,74.45073,77.02718,74.82776,74.88796,75.85081,70.03793,71.75165,67.40732,84.33304,78.53242,74.27168,76.24989,73.37602,73.55641,63.88083,67.90402,69.66685,85.54139,88.17242,79.27383,88.81718,85.51461,84.01808,85.93295,82.82373,85.19952,84.22259,54.45497,55.17108,59.8825,63.93972,61.72847,63.09193,61.32732,58.81126,68.29661,55.55516,42.1393,41.51529,47.95181,46.73946,46.86547,48.46888,42.87886,47.73626,45.07198,44.39534,55.70452,54.90052,60.98792,60.32222,65.87513,68.89867,67.70262,71.31543,70.18015,60.80011,64.08943,67.49426,73.25112,74.1309,73.70712,73.37698,71.8829,73.50991,73.74502,71.59493
9/23/2025 4:03,132,86.44705,88.27074,91.35865,90.02717,91.24826,91.00558,93.46021,89.87411,84.71999,84.99423,67.80219,79.22865,74.95025,77.85104,77.73222,82.57735,80.63465,75.72142,72.98696,78.72027,83.73254,89.41226,89.92385,91.6703,85.63778,91.76378,91.22032,89.50009,89.85812,86.80655,0.12691,92.75835,94.88846,97.30499,93.80382,95.72594,94.44672,93.44867,95.66162,93.29588,74.64845,80.76053,83.15457,84.66831,80.26243,82.90175,80.8587,79.16656,79.38715,73.85307,78.00207,84.08934,81.71982,86.5713,85.95752,86.29312,89.66447,87.85476,84.26331,80.82038,55.0985,61.78378,62.45363,63.77439,65.84917,69.88434,62.58012,69.36217,61.45271,59.51737,55.97039,65.8811,65.68655,68.83397,67.20195,65.95442,64.65539,64.63105,68.71166,52.10008,41.27279,48.82415,52.35026,53.34829,56.31847,55.42467,51.98411,51.23159,51.78358,42.82532,59.08065,70.69109,73.18425,67.54977,72.34201,74.21253,74.67661,62.40551,76.2009,62.59134,52.78255,54.15548,59.85236,60.9501,63.18073,61.74134,66.02444,66.32583,60.12748,54.7198,67.91986,71.10973,78.35741,77.7473,79.49815,78.4733,78.68655,78.95246,72.79967,75.82064,71.14057,87.34343,81.10639,77.48769,78.38434,76.93802,77.24048,67.00011,71.47929,72.23168,87.92867,90.89182,81.55864,91.33392,86.88307,86.83344,88.41086,86.24316,87.83965,86.69211,57.31921,57.77742,62.8266,67.03728,65.14387,65.86185,64.44516,61.21949,71.77627,58.26575,44.68235,44.18752,50.62477,49.75778,49.81799,51.35072,45.95149,50.60038,47.74426,47.24572,59.55402,58.09346,65.61924,64.33345,69.94946,71.76077,72.23633,74.57365,73.5148,63.31318,67.65856,70.63976,76.48116,75.89664,76.11763,75.91556,74.4874,76.72187,75.87473,74.11218
9/23/2025 8:03,136,88.36073,89.06645,92.70614,91.87252,92.33995,92.42462,93.91069,91.14542,87.11117,87.29251,70.64905,81.03858,76.54587,80.62203,79.20094,84.93729,83.49499,78.86004,76.40667,81.99171,85.28404,90.94652,90.95683,92.37079,87.49464,92.22948,92.46767,90.68208,90.97329,88.65697,0.1377338,94.35624,96.28908,98.0255,94.96571,96.51764,95.81647,94.77567,96.32925,95.02432,76.53461,83.40812,85.35698,87.20385,83.22067,84.89803,83.89337,81.84081,81.49776,74.46556,81.37053,86.12318,84.56815,89.25115,89.12278,88.65249,91.60532,90.33022,86.66412,83.06292,59.04618,65.45478,65.60241,66.25848,69.52802,71.94047,65.70645,72.28255,64.5562,61.82799,58.67102,68.57477,68.19266,72.19763,70.61167,68.47173,67.30409,67.76239,71.18931,54.40383,43.53062,51.69288,55.28322,56.3231,59.02825,58.00583,55.20806,54.85981,54.81431,45.05801,62.69208,74.11434,76.60783,70.31059,75.85193,77.38811,78.21342,66.3952,79.44632,66.10962,55.57808,57.54243,63.56018,63.88404,66.47243,65.75982,69.32285,69.7141,62.96914,58.09143,71.02583,74.84664,81.62076,80.21763,82.34708,81.90828,81.26362,81.37793,75.63441,79.05491,74.17532,90.39189,84.45972,81.0878,82.12668,81.05502,80.02253,69.53997,75.16338,75.41515,90.61839,93.09739,84.23868,93.51539,89.50542,89.29088,90.7498,88.28287,90.17356,88.87959,59.92894,61.3911,66.32091,70.44664,68.08271,69.58598,68.4781,64.63258,74.91571,61.30205,47.04845,46.6151,54.0736,52.66401,52.54992,54.36564,48.81463,53.27314,50.37363,49.44067,62.56138,62.39885,69.43925,67.51735,74.28619,75.40641,75.70893,78.23318,76.61256,66.66064,70.91615,73.56705,78.90375,79.26211,79.26493,79.35424,77.97542,79.4006,79.39125,77.52161
9/23/2025 12:03,140,90.64147,90.18793,93.32604,92.93445,91.91874,92.86463,94.69144,92.33453,88.65009,89.33151,72.53656,84.7673,81.57063,82.22795,82.25937,86.61269,85.29479,81.37936,77.83874,82.20885,85.81639,91.6434,92.51365,92.83486,89.12994,92.50445,93.26547,91.58208,91.96524,89.82811,0.1038861,95.99776,97.02654,98.53878,95.98701,97.11537,96.83499,95.74506,96.94469,95.99873,78.69823,84.99923,89.10586,88.60572,84.94599,86.13809,85.36825,83.39771,82.97462,77.3723,83.49516,88.62971,86.41742,91.20535,91.21403,91.10366,93.3139,92.31313,89.2913,85.72792,61.59327,68.43125,67.81876,69.39037,71.93351,74.44124,67.84328,75.19229,67.33558,65.82923,61.30871,71.85184,70.76817,75.27599,73.09963,71.18608,70.03526,70.59852,73.71906,57.25878,46.20512,54.46376,58.06859,59.36237,62.36524,60.77794,58.18191,57.94394,57.9096,47.34264,66.97256,77.73347,79.12082,73.88023,79.02367,80.66433,81.04263,70.51755,82.68159,69.1189,58.67443,60.62285,66.91849,67.11774,69.74356,68.8382,72.25065,72.52589,66.28295,61.0676,74.04158,77.41766,83.93671,82.72215,84.52122,84.43336,84.39252,83.83881,78.34039,81.58951,78.30409,93.17259,87.15784,84.06124,84.65923,83.84301,84.17015,72.41203,78.72927,78.67852,91.93741,94.86192,87.0938,95.19914,90.762,90.89218,92.58171,90.20744,92.45469,90.45044,62.74057,64.46428,69.48305,72.77859,71.72604,72.01971,71.76736,67.70755,77.79189,63.64103,49.88208,48.84489,57.00133,55.52155,56.25325,57.73822,51.74883,56.89105,52.92644,53.01605,65.98841,65.77446,72.1077,70.59068,77.53994,78.20142,78.56361,80.73282,79.8744,70.05762,73.31034,76.47919,81.69626,81.06445,81.44801,82.49961,80.97723,82.74568,82.65005,80.4676
