area_px,perimeter_px,major_px,minor_px,angle_deg,area_um2,perimeter_um,major_um,minor_um,circularity,aspect_ratio,roundness,solidity,centroid_row,centroid_col,cell_id,root,sample,well,site,timecode,selected_rank
335.0,83.01219330881976,32.41568725492999,15.866244170739098,89.99758733521162,2658.202737552073,233.83716425019648,91.31179508430984,44.693645551377735,0.6109010809499421,2.043059901644005,0.4059237466222528,0.8417085427135679,453.2268656716418,1123.1671641791045,12,KH2506,F2,C6,1,01d00h00m,1
369.0,71.698484809835,25.529546427137607,18.581055363183975,32.88402703639514,2927.9904780797456,201.9675628446056,71.91421528771157,52.341001023053444,0.9020202229615729,1.3739556730303486,0.7208589367091204,0.9609375,832.2303523035231,712.3523035230352,79,KH2506,F2,C6,1,01d00h00m,2
458.0,104.08326112068522,33.522057178116626,24.04649270508514,-83.95459529887893,3634.1995635786548,293.1922848470006,94.42833007920176,67.7365991692539,0.531267880446801,1.394051830728216,0.5189365636086107,0.7937608318890814,907.4454148471616,926.7139737991266,92,KH2506,F2,C6,1,01d00h00m,3
547.0,101.25483399593904,28.45113713504934,27.260141077588,-65.81020084042034,4340.4086490775635,285.2248844956029,80.14404826774461,76.78912979602252,0.6704488626591467,1.043690018113682,0.8603956124348113,0.8573667711598746,832.9414990859232,672.3089579524681,78,KH2506,F2,C6,1,01d00h00m,4
268.0,58.04163056034262,18.89186947131136,18.198073794875565,-75.82694640981045,2126.562190041658,163.49755087420453,53.216533722003824,51.26217970387483,0.9996902327564666,1.0381246765045629,0.9560817760097015,0.9781021897810219,567.8768656716418,680.1007462686567,29,KH2506,F2,C6,1,01d00h00m,5
2924.0,225.6223663640862,85.91162129578524,44.30068882313147,52.93544075928106,23201.745685379883,635.5559615889752,242.00456703038094,124.7906727412154,0.7218100632783283,1.9392840964343367,0.5044099640336764,0.9462783171521035,814.4586183310533,1000.4887140902873,68,KH2506,F2,C6,1,01d00h00m,6
530.0,106.08326112068522,42.710775983370695,16.499071985395982,-20.952530662113826,4205.514778813727,298.826087663902,120.31204502357942,46.4762591137915,0.5918232324086914,2.588677473567955,0.3699227699945499,0.9090909090909091,695.7358490566038,1776.3301886792453,49,KH2506,F2,C6,1,01d00h00m,7
143.0,45.21320343559643,17.8074594159494,10.543162008309972,-69.04072744648683,1134.695496925213,127.36113643829978,50.16185750971661,29.699047910732315,0.8790535743516995,1.6890055755487594,0.5741722904514006,0.959731543624161,1198.993006993007,391.84615384615387,173,KH2506,F2,C6,1,01d00h00m,8
370.0,85.84062043356595,28.7161023340887,19.148069837415846,25.890997919724306,2935.9254116246775,241.8045646015942,80.89042911010901,53.93822489412914,0.630994962667698,1.4996865260004775,0.5712955721123749,0.8096280087527352,1096.9837837837838,925.2891891891892,140,KH2506,F2,C6,1,01d00h00m,9
611.0,105.9827560572969,43.49546839835611,19.01743984524767,46.639279484739525,4848.244395953184,298.542974809287,122.52244619255241,53.5702530852047,0.6835663195392963,2.287135847532355,0.41120965650719776,0.9174174174174174,1230.747954173486,1426.3617021276596,178,KH2506,F2,C6,1,01d00h00m,10
449.0,97.01219330881976,41.06503292706593,15.386828261081892,15.672256887592727,3562.7851616742705,273.27378396850634,115.67614909032655,43.343178200230675,0.5995198375375909,2.6688432619302223,0.33900968759727795,0.8838582677165354,1344.8195991091313,1601.3674832962138,206,KH2506,F2,C6,1,01d00h00m,11
770.0,104.5685424949238,36.43467588817155,27.200533500460782,-26.769600754640162,6109.898829597301,294.55927463358813,102.63288982583533,76.62122112805854,0.8849087301656848,1.3394838703275558,0.7385348995274388,0.9637046307884856,523.364935064935,1022.0038961038961,20,KH2506,F2,C6,1,01d00h00m,12
551.0,102.9116882454314,40.29817072830566,19.125521841974834,60.03834154389633,4372.148383257289,289.89207956459546,113.51597388255114,53.874709414013616,0.6537806420881987,2.107036402000972,0.4320072671784964,0.8463901689708141,1542.5172413793102,664.049001814882,250,KH2506,F2,C6,1,01d00h00m,13
396.0,73.94112549695427,25.58361359631167,19.893181968370758,2.927590193408737,3142.233683792898,208.28486055480076,72.06651717270893,56.037132305269736,0.9101918367418476,1.2860493427842985,0.770338370261403,0.9588377723970944,1493.4722222222222,1412.2550505050506,236,KH2506,F2,C6,1,01d00h00m,14
433.0,77.25483399593904,26.987320622286305,20.705010755596003,-26.313921554052087,3435.8262249553654,217.619250692786,76.02062147122902,58.32397395942536,0.9116884084687353,1.3034197828171794,0.7569696680509995,0.9643652561247216,1713.1685912240184,1666.6997690531177,287,KH2506,F2,C6,1,01d00h00m,15
512.0,89.25483399593904,33.32684006820056,20.021134831854567,-85.56234019168494,4062.685975004959,251.42206759419446,93.87842272732551,56.39756290663258,0.8076372322901079,1.6645829693517666,0.586937428362215,0.9343065693430657,617.45703125,804.080078125,35,KH2506,F2,C6,1,01d00h00m,16
326.0,66.8700576850888,24.037604726611818,17.476110995891602,-12.229250156869178,2586.7883356476887,188.36635967630644,67.71156261017413,49.22848167856789,0.9161446892499487,1.3754550272805393,0.7183652900622703,0.9616519174041298,1954.7331288343557,926.1257668711656,325,KH2506,F2,C6,1,01d00h00m,17
165.0,55.45584412271571,22.021122635061072,10.410182640642157,-12.685422705146442,1309.2640349137075,156.21364541610058,62.031331366369216,29.32445814265396,0.6742161753643312,2.11534450405211,0.43322663742014145,0.8967391304347826,1933.878787878788,1079.6969696969697,323,KH2506,F2,C6,1,01d00h00m,18
289.0,73.79898987322333,32.72963688874377,11.447487926775942,-0.1530402381357231,2293.195794485221,207.88447851612204,92.19616024998244,32.24644486415758,0.6668173202689993,2.859110845811716,0.3434990870066757,0.9174603174603174,666.204152249135,891.3667820069204,45,KH2506,F2,C6,1,01d00h00m,19
272.0,71.59797974644665,30.038612646836704,12.507838486713172,-47.51813925573589,2158.3019242213845,201.68444998999055,84.61581027277944,35.233347849896255,0.6667718122240875,2.4015830296134797,0.38381264732835096,0.8831168831168831,916.4375,865.5845588235294,96,KH2506,F2,C6,1,01d00h00m,20
792.0,111.698484809835,41.50790324596971,25.046150101201476,3.046111531428581,6284.467367585796,314.64361918263376,116.92367111540761,70.55253549634219,0.797701634104774,1.6572568270274222,0.5852935103673531,0.9507803121248499,429.04040404040404,1235.9936868686868,8,KH2506,F2,C6,1,01d00h00m,21
258.0,70.2842712474619,27.161354019061385,13.570459406114681,-6.867370482072748,2047.2128545923426,197.98386266890674,76.5108563917222,38.22664621440755,0.6563164319920844,2.0015058596190793,0.44527364663360475,0.9020979020979021,622.3023255813954,1247.8372093023256,36,KH2506,F2,C6,1,01d00h00m,22
748.0,251.63961030678928,129.17443566892698,13.949400576276783,81.39326008776949,5935.330291608807,708.843972695181,363.87164977162524,39.29408613035714,0.14844085732661993,9.260214083220825,0.05707666255901518,0.500669344042838,859.413101604278,1322.3088235294117,81,KH2506,F2,C6,1,01d00h00m,23
666.0,142.95331880577402,62.54518133835263,17.29768862373202,-23.3910964050207,5284.665740924419,402.68540508668735,176.1836094038102,48.72588344713245,0.4095393233481029,3.615811493597018,0.2167687312941918,0.764638346727899,508.45645645645646,1147.9654654654655,18,KH2506,F2,C6,1,01d00h00m,24
221.0,63.941125496954285,27.034906159771673,10.651523636986573,49.701045065429646,1753.6203134298748,180.11584647029375,76.15466523879344,30.00429193517344,0.6792686710899496,2.538125725590572,0.38499284597940375,0.9208333333333333,577.0407239819004,1554.316742081448,32,KH2506,F2,C6,1,01d00h00m,25
1371.0,141.29646455628165,48.00629613495953,36.67355169712456,51.85162360400468,10878.79389010117,398.01821001769474,135.2290031970691,103.30577942851987,0.8629482020003622,1.3090168231162493,0.7574451232815138,0.9675370501058574,1214.6148796498906,455.691466083151,174,KH2506,F2,C6,1,01d00h00m,26
1084.0,142.46803743153546,49.845882834545556,30.95086426336239,87.05625722709782,8601.467962705812,401.31841530009984,140.41093756210014,87.18553313623208,0.671126307057781,1.6104843603204273,0.5554958467326594,0.8734891216760677,1333.220479704797,919.5553505535055,203,KH2506,F2,C6,1,01d00h00m,27
249.0,99.39696961966999,47.31908583059673,9.523185132977314,-56.096598462321204,1975.7984526879586,279.9914637173802,133.29319952280767,26.8258736140206,0.3167108363682733,4.9688297738472045,0.1415913668220702,0.6897506925207756,1015.5301204819277,1397.8955823293172,123,KH2506,F2,C6,1,01d00h00m,28
629.0,101.84062043356595,38.03260930015126,21.51172385801163,-85.30785018871488,4991.073199761951,286.8749871368055,107.13411070465142,60.596405233835576,0.762111362265354,1.7679944922678401,0.5536668480379995,0.9182481751824818,1038.0174880763116,1829.6454689984103,129,KH2506,F2,C6,1,01d00h00m,29
361.0,78.52691193458118,32.76890400340229,14.457966471461326,-22.09066159691339,2864.5110097202933,221.20256882980613,92.30677184056982,40.726666116792465,0.7356648865308343,2.266494673928387,0.42804900150395525,0.9328165374677002,1361.9279778393352,1920.808864265928,208,KH2506,F2,C6,1,01d00h00m,30
370.0,75.35533905932738,24.152071247601828,20.407496494664997,75.47114654315475,2935.9254116246775,212.26856073049964,68.03400351437135,57.48590561877464,0.818810741983541,1.1834901578405637,0.8076125895467338,0.9135802469135802,1487.1675675675676,558.0972972972972,234,KH2506,F2,C6,1,01d00h00m,31
411.0,74.76955262170047,27.276090633504857,19.344824401329145,-72.69726708119438,3261.2576869668715,210.6184580892971,76.83405812254888,54.49246310233561,0.9238514009685768,1.4099942221047388,0.7033762351487586,0.9762470308788599,1868.2311435523113,1389.5669099756692,313,KH2506,F2,C6,1,01d00h00m,32
388.0,71.01219330881976,23.538807310578424,21.05922670229459,-71.33754272252014,3078.7542154334456,200.03434734878803,66.30649946641809,59.32176535857631,0.9668870339625987,1.1177431936764164,0.8916059062169914,0.9724310776942355,1884.2525773195875,1514.2551546391753,314,KH2506,F2,C6,1,01d00h00m,33
841.0,121.63961030678928,39.44490628985443,29.38960653695787,54.665198708187226,6673.279111287442,342.6467895965895,111.11241208409697,82.78762404776865,0.7142591614046399,1.3421379507157358,0.6882151950781084,0.9043010752688172,919.7538644470868,1045.038049940547,93,KH2506,F2,C6,1,01d00h00m,34
338.0,71.11269837220809,25.82210661663323,17.01466344261397,19.61015749660714,2682.0075381868674,200.31746020340304,72.7383284975584,47.928629415813994,0.8399090248140743,1.517638400766755,0.6454215753184864,0.9362880886426593,533.707100591716,1381.275147928994,25,KH2506,F2,C6,1,01d00h00m,35
160.0,50.384776310850235,19.29099234037866,11.200646835047154,-15.091746217718208,1269.5893671890497,141.9289473545077,54.34082349402439,31.551117845203247,0.7920109337320846,1.7223105615665497,0.547420382918097,0.935672514619883,659.60625,1259.4625,44,KH2506,F2,C6,1,01d00h00m,36
693.0,97.84062043356595,33.82492339964014,26.279551977669648,4.571896946254741,5498.908946637572,275.60738150300267,95.28147436518348,74.02690697935111,0.9097136319383268,1.2871194846998142,0.7712047747093105,0.9651810584958217,634.2813852813853,1356.5165945165945,37,KH2506,F2,C6,1,01d00h00m,37
392.0,95.39696961966999,41.45545628228517,13.050849542857684,34.27282023237974,3110.4939496131715,268.7238580835774,116.77593318953568,36.76295645875403,0.5412859729473342,3.176456532285473,0.29042418978818596,0.8909090909090909,873.6454081632653,1373.5204081632653,85,KH2506,F2,C6,1,01d00h00m,38
959.0,120.9116882454314,41.432826322999794,29.91772476491448,70.6236043726418,7609.601269589366,340.59630491670816,116.71218682535152,84.27528102792812,0.8243125291947578,1.384892288720747,0.7112783778024031,0.9429695181907571,600.1887382690303,988.6673618352451,34,KH2506,F2,C6,1,01d00h00m,39
561.0,97.98275605729688,38.69261693763377,19.38861395407102,45.04652182351328,4451.497718706605,276.00776354168136,108.99328714826414,54.615813955129624,0.7342998221808316,1.9956360485226692,0.4771080808031498,0.9412751677852349,638.8716577540107,1627.7914438502673,38,KH2506,F2,C6,1,01d00h00m,40
652.0,100.5685424949238,36.86492285239468,22.94442949164646,-61.54210461936921,5173.576671295377,283.2916689997853,103.84485310533711,64.63219575111678,0.8100897694952311,1.606704706509105,0.6108450453316232,0.9490538573508006,916.9509202453987,1340.855828220859,95,KH2506,F2,C6,1,01d00h00m,41
257.0,61.94112549695428,21.98534332589853,15.463354403879206,51.98059135958407,2039.277921047411,174.4820436533923,61.93054457999585,43.558744799659735,0.8417532512849669,1.4217706424928855,0.6769814020320334,0.9413919413919414,1064.6108949416343,804.0739299610894,134,KH2506,F2,C6,1,01d00h00m,42
157.0,44.384776310850235,15.579866793516507,12.857329300739046,68.56547644355246,1245.784566554255,125.02753890380347,43.886948714131,36.21782901616633,1.0014780740717824,1.2117498454847049,0.8235354350187633,0.9573170731707317,1407.095541401274,1289.8280254777071,220,KH2506,F2,C6,1,01d00h00m,43
606.0,97.9827560572969,39.9731937663115,19.31340229161783,40.88570215112535,4808.5697282285255,276.00776354168136,112.60054582059577,54.40395011723332,0.7932008774359782,2.069712687736028,0.48288647909002536,0.9711538461538461,1172.960396039604,1533.0511551155116,163,KH2506,F2,C6,1,01d00h00m,44
1055.0,127.39696961966999,44.0109914926042,31.423121795336087,47.37918269562287,8371.354889902796,358.8647031539999,123.97462392282871,88.51583604320024,0.8168534139242029,1.4005925884530175,0.6934901119145936,0.9556159420289855,695.0739336492891,1026.278672985782,50,KH2506,F2,C6,1,01d00h00m,45
340.0,100.62741699796952,47.702939198464094,9.293334300232248,-9.117729592551656,2697.8774052767303,283.45751267033665,134.3744766153918,26.178406479527457,0.4219452781299455,5.1330273567444955,0.19023865122136244,0.8947368421052632,1750.0294117647059,907.4323529411764,291,KH2506,F2,C6,1,01d00h00m,46
187.0,51.45584412271571,20.62249579197068,11.753810296385554,35.5221567171245,1483.8325729022017,144.94603978229776,58.09153744217093,33.10932477855086,0.8875279859926908,1.7545370626163979,0.5598469001170857,0.958974358974359,1898.8663101604277,1065.7219251336899,317,KH2506,F2,C6,1,01d00h00m,47
285.0,63.11269837220809,21.436667865265814,17.43092087194495,9.131442217530514,2261.4560603054947,177.7822489357974,60.38497990215722,49.1011855547745,0.8991273875104717,1.2298069633124267,0.7896605106438026,0.9563758389261745,1510.6140350877192,1800.7859649122806,241,KH2506,F2,C6,1,01d00h00m,48
805.0,104.66904755831213,33.72813725372218,30.479808172602464,68.38042680461366,6387.621503669906,294.84238748820314,95.00883733442868,85.85861457071115,0.9233560514437651,1.1065731471380964,0.9009927284028688,0.9687123947051745,822.0173913043478,1177.1639751552796,73,KH2506,F2,C6,1,01d00h00m,49
273.0,67.94112549695429,28.467595087495507,12.234438000361116,25.112538616613325,2166.236857766316,191.38345210409656,80.19040869717044,34.46320563482004,0.7432022863546582,2.3268412563499234,0.42891497148584223,0.9413793103448276,808.4322344322344,1041.2307692307693,70,KH2506,F2,C6,1,01d00h00m,50
